Provincias;Tipo de núcleo familiar;Número de hijos;Total
Albacete;Pareja casada, con o sin hijos convivientes;0 hijos conviviendo;27.344
Albacete;Pareja casada, con o sin hijos convivientes;1 hijo conviviendo;21.719
Albacete;Pareja casada, con o sin hijos convivientes;2 o más hijos conviviendo;31.743
Albacete;Pareja casada, con o sin hijos convivientes;0 hijos conviviendo menores de 25 años;39.498
Albacete;Pareja casada, con o sin hijos convivientes;1 hijo conviviendo menor de 25 años;16.930
Albacete;Pareja casada, con o sin hijos convivientes;2 hijos o más conviviendo menores de 25 años;24.377
Albacete;Pareja no casada, con o sin hijos convivientes;0 hijos conviviendo;5.669
Albacete;Pareja no casada, con o sin hijos convivientes;1 hijo conviviendo;3.085
Albacete;Pareja no casada, con o sin hijos convivientes;2 o más hijos conviviendo;3.555
Albacete;Pareja no casada, con o sin hijos convivientes;0 hijos conviviendo menores de 25 años;5.669
Albacete;Pareja no casada, con o sin hijos convivientes;1 hijo conviviendo menor de 25 años;3.162
Albacete;Pareja no casada, con o sin hijos convivientes;2 hijos o más conviviendo menores de 25 años;3.478
Albacete;Padre sólo con hijos convivientes;0 hijos conviviendo;0
Albacete;Padre sólo con hijos convivientes;1 hijo conviviendo;1.862
Albacete;Padre sólo con hijos convivientes;2 o más hijos conviviendo;1.389
Albacete;Padre sólo con hijos convivientes;0 hijos conviviendo menores de 25 años;1.624
Albacete;Padre sólo con hijos convivientes;1 hijo conviviendo menor de 25 años;765
Albacete;Padre sólo con hijos convivientes;2 hijos o más conviviendo menores de 25 años;861
Albacete;Madre sóla con hijos convivientes;0 hijos conviviendo;0
Albacete;Madre sóla con hijos convivientes;1 hijo conviviendo;8.685
Albacete;Madre sóla con hijos convivientes;2 o más hijos conviviendo;4.541
Albacete;Madre sóla con hijos convivientes;0 hijos conviviendo menores de 25 años;5.638
Albacete;Madre sóla con hijos convivientes;1 hijo conviviendo menor de 25 años;4.593
Albacete;Madre sóla con hijos convivientes;2 hijos o más conviviendo menores de 25 años;2.995
Alicante/Alacant;Pareja casada, con o sin hijos convivientes;0 hijos conviviendo;161.750
Alicante/Alacant;Pareja casada, con o sin hijos convivientes;1 hijo conviviendo;100.549
Alicante/Alacant;Pareja casada, con o sin hijos convivientes;2 o más hijos conviviendo;130.506
Alicante/Alacant;Pareja casada, con o sin hijos convivientes;0 hijos conviviendo menores de 25 años;209.345
Alicante/Alacant;Pareja casada, con o sin hijos convivientes;1 hijo conviviendo menor de 25 años;79.996
Alicante/Alacant;Pareja casada, con o sin hijos convivientes;2 hijos o más conviviendo menores de 25 años;103.465
Alicante/Alacant;Pareja no casada, con o sin hijos convivientes;0 hijos conviviendo;35.537
Alicante/Alacant;Pareja no casada, con o sin hijos convivientes;1 hijo conviviendo;22.008
Alicante/Alacant;Pareja no casada, con o sin hijos convivientes;2 o más hijos conviviendo;11.932
Alicante/Alacant;Pareja no casada, con o sin hijos convivientes;0 hijos conviviendo menores de 25 años;38.138
Alicante/Alacant;Pareja no casada, con o sin hijos convivientes;1 hijo conviviendo menor de 25 años;20.467
Alicante/Alacant;Pareja no casada, con o sin hijos convivientes;2 hijos o más conviviendo menores de 25 años;10.873
Alicante/Alacant;Padre sólo con hijos convivientes;0 hijos conviviendo;0
Alicante/Alacant;Padre sólo con hijos convivientes;1 hijo conviviendo;15.317
Alicante/Alacant;Padre sólo con hijos convivientes;2 o más hijos conviviendo;5.437
Alicante/Alacant;Padre sólo con hijos convivientes;0 hijos conviviendo menores de 25 años;9.710
Alicante/Alacant;Padre sólo con hijos convivientes;1 hijo conviviendo menor de 25 años;7.718
Alicante/Alacant;Padre sólo con hijos convivientes;2 hijos o más conviviendo menores de 25 años;3.326
Alicante/Alacant;Madre sóla con hijos convivientes;0 hijos conviviendo;0
Alicante/Alacant;Madre sóla con hijos convivientes;1 hijo conviviendo;54.370
Alicante/Alacant;Madre sóla con hijos convivientes;2 o más hijos conviviendo;26.533
Alicante/Alacant;Madre sóla con hijos convivientes;0 hijos conviviendo menores de 25 años;36.576
Alicante/Alacant;Madre sóla con hijos convivientes;1 hijo conviviendo menor de 25 años;28.777
Alicante/Alacant;Madre sóla con hijos convivientes;2 hijos o más conviviendo menores de 25 años;15.550
Almería;Pareja casada, con o sin hijos convivientes;0 hijos conviviendo;48.949
Almería;Pareja casada, con o sin hijos convivientes;1 hijo conviviendo;37.975
Almería;Pareja casada, con o sin hijos convivientes;2 o más hijos conviviendo;57.157
Almería;Pareja casada, con o sin hijos convivientes;0 hijos conviviendo menores de 25 años;69.521
Almería;Pareja casada, con o sin hijos convivientes;1 hijo conviviendo menor de 25 años;27.799
Almería;Pareja casada, con o sin hijos convivientes;2 hijos o más conviviendo menores de 25 años;46.761
Almería;Pareja no casada, con o sin hijos convivientes;0 hijos conviviendo;12.091
Almería;Pareja no casada, con o sin hijos convivientes;1 hijo conviviendo;8.156
Almería;Pareja no casada, con o sin hijos convivientes;2 o más hijos conviviendo;6.657
Almería;Pareja no casada, con o sin hijos convivientes;0 hijos conviviendo menores de 25 años;12.316
Almería;Pareja no casada, con o sin hijos convivientes;1 hijo conviviendo menor de 25 años;8.300
Almería;Pareja no casada, con o sin hijos convivientes;2 hijos o más conviviendo menores de 25 años;6.288
Almería;Padre sólo con hijos convivientes;0 hijos conviviendo;0
Almería;Padre sólo con hijos convivientes;1 hijo conviviendo;3.668
Almería;Padre sólo con hijos convivientes;2 o más hijos conviviendo;1.929
Almería;Padre sólo con hijos convivientes;0 hijos conviviendo menores de 25 años;1.801
Almería;Padre sólo con hijos convivientes;1 hijo conviviendo menor de 25 años;2.635
Almería;Padre sólo con hijos convivientes;2 hijos o más conviviendo menores de 25 años;1.162
Almería;Madre sóla con hijos convivientes;0 hijos conviviendo;0
Almería;Madre sóla con hijos convivientes;1 hijo conviviendo;19.092
Almería;Madre sóla con hijos convivientes;2 o más hijos conviviendo;8.564
Almería;Madre sóla con hijos convivientes;0 hijos conviviendo menores de 25 años;10.566
Almería;Madre sóla con hijos convivientes;1 hijo conviviendo menor de 25 años;11.397
Almería;Madre sóla con hijos convivientes;2 hijos o más conviviendo menores de 25 años;5.693
Araba/Álava;Pareja casada, con o sin hijos convivientes;0 hijos conviviendo;27.722
Araba/Álava;Pareja casada, con o sin hijos convivientes;1 hijo conviviendo;17.142
Araba/Álava;Pareja casada, con o sin hijos convivientes;2 o más hijos conviviendo;20.801
Araba/Álava;Pareja casada, con o sin hijos convivientes;0 hijos conviviendo menores de 25 años;35.084
Araba/Álava;Pareja casada, con o sin hijos convivientes;1 hijo conviviendo menor de 25 años;12.866
Araba/Álava;Pareja casada, con o sin hijos convivientes;2 hijos o más conviviendo menores de 25 años;17.714
Araba/Álava;Pareja no casada, con o sin hijos convivientes;0 hijos conviviendo;6.926
Araba/Álava;Pareja no casada, con o sin hijos convivientes;1 hijo conviviendo;3.604
Araba/Álava;Pareja no casada, con o sin hijos convivientes;2 o más hijos conviviendo;2.484
Araba/Álava;Pareja no casada, con o sin hijos convivientes;0 hijos conviviendo menores de 25 años;6.926
Araba/Álava;Pareja no casada, con o sin hijos convivientes;1 hijo conviviendo menor de 25 años;3.604
Araba/Álava;Pareja no casada, con o sin hijos convivientes;2 hijos o más conviviendo menores de 25 años;2.484
Araba/Álava;Padre sólo con hijos convivientes;0 hijos conviviendo;0
Araba/Álava;Padre sólo con hijos convivientes;1 hijo conviviendo;1.546
Araba/Álava;Padre sólo con hijos convivientes;2 o más hijos conviviendo;672
Araba/Álava;Padre sólo con hijos convivientes;0 hijos conviviendo menores de 25 años;817
Araba/Álava;Padre sólo con hijos convivientes;1 hijo conviviendo menor de 25 años;813
Araba/Álava;Padre sólo con hijos convivientes;2 hijos o más conviviendo menores de 25 años;587
Araba/Álava;Madre sóla con hijos convivientes;0 hijos conviviendo;0
Araba/Álava;Madre sóla con hijos convivientes;1 hijo conviviendo;10.500
Araba/Álava;Madre sóla con hijos convivientes;2 o más hijos conviviendo;4.135
Araba/Álava;Madre sóla con hijos convivientes;0 hijos conviviendo menores de 25 años;5.636
Araba/Álava;Madre sóla con hijos convivientes;1 hijo conviviendo menor de 25 años;5.750
Araba/Álava;Madre sóla con hijos convivientes;2 hijos o más conviviendo menores de 25 años;3.248
Asturias;Pareja casada, con o sin hijos convivientes;0 hijos conviviendo;97.050
Asturias;Pareja casada, con o sin hijos convivientes;1 hijo conviviendo;68.081
Asturias;Pareja casada, con o sin hijos convivientes;2 o más hijos conviviendo;45.797
Asturias;Pareja casada, con o sin hijos convivientes;0 hijos conviviendo menores de 25 años;127.606
Asturias;Pareja casada, con o sin hijos convivientes;1 hijo conviviendo menor de 25 años;47.439
Asturias;Pareja casada, con o sin hijos convivientes;2 hijos o más conviviendo menores de 25 años;35.883
Asturias;Pareja no casada, con o sin hijos convivientes;0 hijos conviviendo;20.137
Asturias;Pareja no casada, con o sin hijos convivientes;1 hijo conviviendo;7.424
Asturias;Pareja no casada, con o sin hijos convivientes;2 o más hijos conviviendo;4.973
Asturias;Pareja no casada, con o sin hijos convivientes;0 hijos conviviendo menores de 25 años;20.775
Asturias;Pareja no casada, con o sin hijos convivientes;1 hijo conviviendo menor de 25 años;6.969
Asturias;Pareja no casada, con o sin hijos convivientes;2 hijos o más conviviendo menores de 25 años;4.790
Asturias;Padre sólo con hijos convivientes;0 hijos conviviendo;0
Asturias;Padre sólo con hijos convivientes;1 hijo conviviendo;8.909
Asturias;Padre sólo con hijos convivientes;2 o más hijos conviviendo;2.328
Asturias;Padre sólo con hijos convivientes;0 hijos conviviendo menores de 25 años;6.602
Asturias;Padre sólo con hijos convivientes;1 hijo conviviendo menor de 25 años;3.229
Asturias;Padre sólo con hijos convivientes;2 hijos o más conviviendo menores de 25 años;1.406
Asturias;Madre sóla con hijos convivientes;0 hijos conviviendo;0
Asturias;Madre sóla con hijos convivientes;1 hijo conviviendo;40.957
Asturias;Madre sóla con hijos convivientes;2 o más hijos conviviendo;11.624
Asturias;Madre sóla con hijos convivientes;0 hijos conviviendo menores de 25 años;28.386
Asturias;Madre sóla con hijos convivientes;1 hijo conviviendo menor de 25 años;17.712
Asturias;Madre sóla con hijos convivientes;2 hijos o más conviviendo menores de 25 años;6.483
Ávila;Pareja casada, con o sin hijos convivientes;0 hijos conviviendo;13.385
Ávila;Pareja casada, con o sin hijos convivientes;1 hijo conviviendo;9.586
Ávila;Pareja casada, con o sin hijos convivientes;2 o más hijos conviviendo;10.284
Ávila;Pareja casada, con o sin hijos convivientes;0 hijos conviviendo menores de 25 años;19.050
Ávila;Pareja casada, con o sin hijos convivientes;1 hijo conviviendo menor de 25 años;6.944
Ávila;Pareja casada, con o sin hijos convivientes;2 hijos o más conviviendo menores de 25 años;7.260
Ávila;Pareja no casada, con o sin hijos convivientes;0 hijos conviviendo;1.662
Ávila;Pareja no casada, con o sin hijos convivientes;1 hijo conviviendo;1.207
Ávila;Pareja no casada, con o sin hijos convivientes;2 o más hijos conviviendo;1.297
Ávila;Pareja no casada, con o sin hijos convivientes;0 hijos conviviendo menores de 25 años;1.840
Ávila;Pareja no casada, con o sin hijos convivientes;1 hijo conviviendo menor de 25 años;1.155
Ávila;Pareja no casada, con o sin hijos convivientes;2 hijos o más conviviendo menores de 25 años;1.172
Ávila;Padre sólo con hijos convivientes;0 hijos conviviendo;0
Ávila;Padre sólo con hijos convivientes;1 hijo conviviendo;1.480
Ávila;Padre sólo con hijos convivientes;2 o más hijos conviviendo;555
Ávila;Padre sólo con hijos convivientes;0 hijos conviviendo menores de 25 años;1.104
Ávila;Padre sólo con hijos convivientes;1 hijo conviviendo menor de 25 años;603
Ávila;Padre sólo con hijos convivientes;2 hijos o más conviviendo menores de 25 años;328
Ávila;Madre sóla con hijos convivientes;0 hijos conviviendo;0
Ávila;Madre sóla con hijos convivientes;1 hijo conviviendo;4.480
Ávila;Madre sóla con hijos convivientes;2 o más hijos conviviendo;1.448
Ávila;Madre sóla con hijos convivientes;0 hijos conviviendo menores de 25 años;3.153
Ávila;Madre sóla con hijos convivientes;1 hijo conviviendo menor de 25 años;1.875
Ávila;Madre sóla con hijos convivientes;2 hijos o más conviviendo menores de 25 años;899
Badajoz;Pareja casada, con o sin hijos convivientes;0 hijos conviviendo;49.730
Badajoz;Pareja casada, con o sin hijos convivientes;1 hijo conviviendo;40.546
Badajoz;Pareja casada, con o sin hijos convivientes;2 o más hijos conviviendo;54.571
Badajoz;Pareja casada, con o sin hijos convivientes;0 hijos conviviendo menores de 25 años;72.075
Badajoz;Pareja casada, con o sin hijos convivientes;1 hijo conviviendo menor de 25 años;30.083
Badajoz;Pareja casada, con o sin hijos convivientes;2 hijos o más conviviendo menores de 25 años;42.689
Badajoz;Pareja no casada, con o sin hijos convivientes;0 hijos conviviendo;8.393
Badajoz;Pareja no casada, con o sin hijos convivientes;1 hijo conviviendo;7.111
Badajoz;Pareja no casada, con o sin hijos convivientes;2 o más hijos conviviendo;3.650
Badajoz;Pareja no casada, con o sin hijos convivientes;0 hijos conviviendo menores de 25 años;8.564
Badajoz;Pareja no casada, con o sin hijos convivientes;1 hijo conviviendo menor de 25 años;7.160
Badajoz;Pareja no casada, con o sin hijos convivientes;2 hijos o más conviviendo menores de 25 años;3.430
Badajoz;Padre sólo con hijos convivientes;0 hijos conviviendo;0
Badajoz;Padre sólo con hijos convivientes;1 hijo conviviendo;4.738
Badajoz;Padre sólo con hijos convivientes;2 o más hijos conviviendo;1.343
Badajoz;Padre sólo con hijos convivientes;0 hijos conviviendo menores de 25 años;3.579
Badajoz;Padre sólo con hijos convivientes;1 hijo conviviendo menor de 25 años;2.031
Badajoz;Padre sólo con hijos convivientes;2 hijos o más conviviendo menores de 25 años;470
Badajoz;Madre sóla con hijos convivientes;0 hijos conviviendo;0
Badajoz;Madre sóla con hijos convivientes;1 hijo conviviendo;15.438
Badajoz;Madre sóla con hijos convivientes;2 o más hijos conviviendo;6.644
Badajoz;Madre sóla con hijos convivientes;0 hijos conviviendo menores de 25 años;10.782
Badajoz;Madre sóla con hijos convivientes;1 hijo conviviendo menor de 25 años;6.807
Badajoz;Madre sóla con hijos convivientes;2 hijos o más conviviendo menores de 25 años;4.492
Barcelona;Pareja casada, con o sin hijos convivientes;0 hijos conviviendo;416.510
Barcelona;Pareja casada, con o sin hijos convivientes;1 hijo conviviendo;286.010
Barcelona;Pareja casada, con o sin hijos convivientes;2 o más hijos conviviendo;355.213
Barcelona;Pareja casada, con o sin hijos convivientes;0 hijos conviviendo menores de 25 años;551.153
Barcelona;Pareja casada, con o sin hijos convivientes;1 hijo conviviendo menor de 25 años;213.589
Barcelona;Pareja casada, con o sin hijos convivientes;2 hijos o más conviviendo menores de 25 años;292.991
Barcelona;Pareja no casada, con o sin hijos convivientes;0 hijos conviviendo;145.465
Barcelona;Pareja no casada, con o sin hijos convivientes;1 hijo conviviendo;61.039
Barcelona;Pareja no casada, con o sin hijos convivientes;2 o más hijos conviviendo;59.403
Barcelona;Pareja no casada, con o sin hijos convivientes;0 hijos conviviendo menores de 25 años;148.348
Barcelona;Pareja no casada, con o sin hijos convivientes;1 hijo conviviendo menor de 25 años;60.559
Barcelona;Pareja no casada, con o sin hijos convivientes;2 hijos o más conviviendo menores de 25 años;56.999
Barcelona;Padre sólo con hijos convivientes;0 hijos conviviendo;0
Barcelona;Padre sólo con hijos convivientes;1 hijo conviviendo;47.392
Barcelona;Padre sólo con hijos convivientes;2 o más hijos conviviendo;19.589
Barcelona;Padre sólo con hijos convivientes;0 hijos conviviendo menores de 25 años;18.312
Barcelona;Padre sólo con hijos convivientes;1 hijo conviviendo menor de 25 años;33.420
Barcelona;Padre sólo con hijos convivientes;2 hijos o más conviviendo menores de 25 años;15.249
Barcelona;Madre sóla con hijos convivientes;0 hijos conviviendo;0
Barcelona;Madre sóla con hijos convivientes;1 hijo conviviendo;172.700
Barcelona;Madre sóla con hijos convivientes;2 o más hijos conviviendo;84.352
Barcelona;Madre sóla con hijos convivientes;0 hijos conviviendo menores de 25 años;102.347
Barcelona;Madre sóla con hijos convivientes;1 hijo conviviendo menor de 25 años;93.998
Barcelona;Madre sóla con hijos convivientes;2 hijos o más conviviendo menores de 25 años;60.707
Bizkaia;Pareja casada, con o sin hijos convivientes;0 hijos conviviendo;97.813
Bizkaia;Pareja casada, con o sin hijos convivientes;1 hijo conviviendo;66.595
Bizkaia;Pareja casada, con o sin hijos convivientes;2 o más hijos conviviendo;70.101
Bizkaia;Pareja casada, con o sin hijos convivientes;0 hijos conviviendo menores de 25 años;128.864
Bizkaia;Pareja casada, con o sin hijos convivientes;1 hijo conviviendo menor de 25 años;47.633
Bizkaia;Pareja casada, con o sin hijos convivientes;2 hijos o más conviviendo menores de 25 años;58.011
Bizkaia;Pareja no casada, con o sin hijos convivientes;0 hijos conviviendo;21.060
Bizkaia;Pareja no casada, con o sin hijos convivientes;1 hijo conviviendo;9.468
Bizkaia;Pareja no casada, con o sin hijos convivientes;2 o más hijos conviviendo;7.101
Bizkaia;Pareja no casada, con o sin hijos convivientes;0 hijos conviviendo menores de 25 años;21.253
Bizkaia;Pareja no casada, con o sin hijos convivientes;1 hijo conviviendo menor de 25 años;9.504
Bizkaia;Pareja no casada, con o sin hijos convivientes;2 hijos o más conviviendo menores de 25 años;6.872
Bizkaia;Padre sólo con hijos convivientes;0 hijos conviviendo;0
Bizkaia;Padre sólo con hijos convivientes;1 hijo conviviendo;8.377
Bizkaia;Padre sólo con hijos convivientes;2 o más hijos conviviendo;2.612
Bizkaia;Padre sólo con hijos convivientes;0 hijos conviviendo menores de 25 años;4.925
Bizkaia;Padre sólo con hijos convivientes;1 hijo conviviendo menor de 25 años;5.036
Bizkaia;Padre sólo con hijos convivientes;2 hijos o más conviviendo menores de 25 años;1.027
Bizkaia;Madre sóla con hijos convivientes;0 hijos conviviendo;0
Bizkaia;Madre sóla con hijos convivientes;1 hijo conviviendo;32.386
Bizkaia;Madre sóla con hijos convivientes;2 o más hijos conviviendo;16.585
Bizkaia;Madre sóla con hijos convivientes;0 hijos conviviendo menores de 25 años;20.469
Bizkaia;Madre sóla con hijos convivientes;1 hijo conviviendo menor de 25 años;17.157
Bizkaia;Madre sóla con hijos convivientes;2 hijos o más conviviendo menores de 25 años;11.345
Burgos;Pareja casada, con o sin hijos convivientes;0 hijos conviviendo;29.092
Burgos;Pareja casada, con o sin hijos convivientes;1 hijo conviviendo;20.450
Burgos;Pareja casada, con o sin hijos convivientes;2 o más hijos conviviendo;23.949
Burgos;Pareja casada, con o sin hijos convivientes;0 hijos conviviendo menores de 25 años;39.831
Burgos;Pareja casada, con o sin hijos convivientes;1 hijo conviviendo menor de 25 años;14.963
Burgos;Pareja casada, con o sin hijos convivientes;2 hijos o más conviviendo menores de 25 años;18.697
Burgos;Pareja no casada, con o sin hijos convivientes;0 hijos conviviendo;4.624
Burgos;Pareja no casada, con o sin hijos convivientes;1 hijo conviviendo;3.652
Burgos;Pareja no casada, con o sin hijos convivientes;2 o más hijos conviviendo;1.776
Burgos;Pareja no casada, con o sin hijos convivientes;0 hijos conviviendo menores de 25 años;4.798
Burgos;Pareja no casada, con o sin hijos convivientes;1 hijo conviviendo menor de 25 años;3.566
Burgos;Pareja no casada, con o sin hijos convivientes;2 hijos o más conviviendo menores de 25 años;1.687
Burgos;Padre sólo con hijos convivientes;0 hijos conviviendo;0
Burgos;Padre sólo con hijos convivientes;1 hijo conviviendo;1.626
Burgos;Padre sólo con hijos convivientes;2 o más hijos conviviendo;1.077
Burgos;Padre sólo con hijos convivientes;0 hijos conviviendo menores de 25 años;1.630
Burgos;Padre sólo con hijos convivientes;1 hijo conviviendo menor de 25 años;502
Burgos;Padre sólo con hijos convivientes;2 hijos o más conviviendo menores de 25 años;571
Burgos;Madre sóla con hijos convivientes;0 hijos conviviendo;0
Burgos;Madre sóla con hijos convivientes;1 hijo conviviendo;10.286
Burgos;Madre sóla con hijos convivientes;2 o más hijos conviviendo;2.772
Burgos;Madre sóla con hijos convivientes;0 hijos conviviendo menores de 25 años;6.969
Burgos;Madre sóla con hijos convivientes;1 hijo conviviendo menor de 25 años;4.524
Burgos;Madre sóla con hijos convivientes;2 hijos o más conviviendo menores de 25 años;1.565
Cáceres;Pareja casada, con o sin hijos convivientes;0 hijos conviviendo;33.847
Cáceres;Pareja casada, con o sin hijos convivientes;1 hijo conviviendo;23.934
Cáceres;Pareja casada, con o sin hijos convivientes;2 o más hijos conviviendo;25.679
Cáceres;Pareja casada, con o sin hijos convivientes;0 hijos conviviendo menores de 25 años;46.234
Cáceres;Pareja casada, con o sin hijos convivientes;1 hijo conviviendo menor de 25 años;17.904
Cáceres;Pareja casada, con o sin hijos convivientes;2 hijos o más conviviendo menores de 25 años;19.322
Cáceres;Pareja no casada, con o sin hijos convivientes;0 hijos conviviendo;5.869
Cáceres;Pareja no casada, con o sin hijos convivientes;1 hijo conviviendo;3.302
Cáceres;Pareja no casada, con o sin hijos convivientes;2 o más hijos conviviendo;2.526
Cáceres;Pareja no casada, con o sin hijos convivientes;0 hijos conviviendo menores de 25 años;6.010
Cáceres;Pareja no casada, con o sin hijos convivientes;1 hijo conviviendo menor de 25 años;3.161
Cáceres;Pareja no casada, con o sin hijos convivientes;2 hijos o más conviviendo menores de 25 años;2.526
Cáceres;Padre sólo con hijos convivientes;0 hijos conviviendo;0
Cáceres;Padre sólo con hijos convivientes;1 hijo conviviendo;2.669
Cáceres;Padre sólo con hijos convivientes;2 o más hijos conviviendo;843
Cáceres;Padre sólo con hijos convivientes;0 hijos conviviendo menores de 25 años;1.963
Cáceres;Padre sólo con hijos convivientes;1 hijo conviviendo menor de 25 años;1.172
Cáceres;Padre sólo con hijos convivientes;2 hijos o más conviviendo menores de 25 años;377
Cáceres;Madre sóla con hijos convivientes;0 hijos conviviendo;0
Cáceres;Madre sóla con hijos convivientes;1 hijo conviviendo;10.586
Cáceres;Madre sóla con hijos convivientes;2 o más hijos conviviendo;3.855
Cáceres;Madre sóla con hijos convivientes;0 hijos conviviendo menores de 25 años;6.682
Cáceres;Madre sóla con hijos convivientes;1 hijo conviviendo menor de 25 años;4.651
Cáceres;Madre sóla con hijos convivientes;2 hijos o más conviviendo menores de 25 años;3.108
Cádiz;Pareja casada, con o sin hijos convivientes;0 hijos conviviendo;79.331
Cádiz;Pareja casada, con o sin hijos convivientes;1 hijo conviviendo;77.541
Cádiz;Pareja casada, con o sin hijos convivientes;2 o más hijos conviviendo;97.644
Cádiz;Pareja casada, con o sin hijos convivientes;0 hijos conviviendo menores de 25 años;120.506
Cádiz;Pareja casada, con o sin hijos convivientes;1 hijo conviviendo menor de 25 años;56.858
Cádiz;Pareja casada, con o sin hijos convivientes;2 hijos o más conviviendo menores de 25 años;77.153
Cádiz;Pareja no casada, con o sin hijos convivientes;0 hijos conviviendo;17.228
Cádiz;Pareja no casada, con o sin hijos convivientes;1 hijo conviviendo;14.544
Cádiz;Pareja no casada, con o sin hijos convivientes;2 o más hijos conviviendo;13.165
Cádiz;Pareja no casada, con o sin hijos convivientes;0 hijos conviviendo menores de 25 años;17.952
Cádiz;Pareja no casada, con o sin hijos convivientes;1 hijo conviviendo menor de 25 años;14.262
Cádiz;Pareja no casada, con o sin hijos convivientes;2 hijos o más conviviendo menores de 25 años;12.722
Cádiz;Padre sólo con hijos convivientes;0 hijos conviviendo;0
Cádiz;Padre sólo con hijos convivientes;1 hijo conviviendo;8.741
Cádiz;Padre sólo con hijos convivientes;2 o más hijos conviviendo;2.740
Cádiz;Padre sólo con hijos convivientes;0 hijos conviviendo menores de 25 años;6.084
Cádiz;Padre sólo con hijos convivientes;1 hijo conviviendo menor de 25 años;3.762
Cádiz;Padre sólo con hijos convivientes;2 hijos o más conviviendo menores de 25 años;1.636
Cádiz;Madre sóla con hijos convivientes;0 hijos conviviendo;0
Cádiz;Madre sóla con hijos convivientes;1 hijo conviviendo;36.340
Cádiz;Madre sóla con hijos convivientes;2 o más hijos conviviendo;18.443
Cádiz;Madre sóla con hijos convivientes;0 hijos conviviendo menores de 25 años;23.032
Cádiz;Madre sóla con hijos convivientes;1 hijo conviviendo menor de 25 años;20.976
Cádiz;Madre sóla con hijos convivientes;2 hijos o más conviviendo menores de 25 años;10.775
Cantabria;Pareja casada, con o sin hijos convivientes;0 hijos conviviendo;47.982
Cantabria;Pareja casada, con o sin hijos convivientes;1 hijo conviviendo;36.662
Cantabria;Pareja casada, con o sin hijos convivientes;2 o más hijos conviviendo;33.888
Cantabria;Pareja casada, con o sin hijos convivientes;0 hijos conviviendo menores de 25 años;65.553
Cantabria;Pareja casada, con o sin hijos convivientes;1 hijo conviviendo menor de 25 años;25.548
Cantabria;Pareja casada, con o sin hijos convivientes;2 hijos o más conviviendo menores de 25 años;27.430
Cantabria;Pareja no casada, con o sin hijos convivientes;0 hijos conviviendo;10.187
Cantabria;Pareja no casada, con o sin hijos convivientes;1 hijo conviviendo;5.001
Cantabria;Pareja no casada, con o sin hijos convivientes;2 o más hijos conviviendo;4.811
Cantabria;Pareja no casada, con o sin hijos convivientes;0 hijos conviviendo menores de 25 años;10.700
Cantabria;Pareja no casada, con o sin hijos convivientes;1 hijo conviviendo menor de 25 años;4.756
Cantabria;Pareja no casada, con o sin hijos convivientes;2 hijos o más conviviendo menores de 25 años;4.543
Cantabria;Padre sólo con hijos convivientes;0 hijos conviviendo;0
Cantabria;Padre sólo con hijos convivientes;1 hijo conviviendo;3.972
Cantabria;Padre sólo con hijos convivientes;2 o más hijos conviviendo;1.538
Cantabria;Padre sólo con hijos convivientes;0 hijos conviviendo menores de 25 años;2.159
Cantabria;Padre sólo con hijos convivientes;1 hijo conviviendo menor de 25 años;2.379
Cantabria;Padre sólo con hijos convivientes;2 hijos o más conviviendo menores de 25 años;972
Cantabria;Madre sóla con hijos convivientes;0 hijos conviviendo;0
Cantabria;Madre sóla con hijos convivientes;1 hijo conviviendo;21.084
Cantabria;Madre sóla con hijos convivientes;2 o más hijos conviviendo;8.170
Cantabria;Madre sóla con hijos convivientes;0 hijos conviviendo menores de 25 años;14.935
Cantabria;Madre sóla con hijos convivientes;1 hijo conviviendo menor de 25 años;9.924
Cantabria;Madre sóla con hijos convivientes;2 hijos o más conviviendo menores de 25 años;4.395
Castellón/Castelló;Pareja casada, con o sin hijos convivientes;0 hijos conviviendo;49.899
Castellón/Castelló;Pareja casada, con o sin hijos convivientes;1 hijo conviviendo;34.622
Castellón/Castelló;Pareja casada, con o sin hijos convivientes;2 o más hijos conviviendo;40.224
Castellón/Castelló;Pareja casada, con o sin hijos convivientes;0 hijos conviviendo menores de 25 años;65.015
Castellón/Castelló;Pareja casada, con o sin hijos convivientes;1 hijo conviviendo menor de 25 años;25.486
Castellón/Castelló;Pareja casada, con o sin hijos convivientes;2 hijos o más conviviendo menores de 25 años;34.244
Castellón/Castelló;Pareja no casada, con o sin hijos convivientes;0 hijos conviviendo;10.352
Castellón/Castelló;Pareja no casada, con o sin hijos convivientes;1 hijo conviviendo;6.220
Castellón/Castelló;Pareja no casada, con o sin hijos convivientes;2 o más hijos conviviendo;4.471
Castellón/Castelló;Pareja no casada, con o sin hijos convivientes;0 hijos conviviendo menores de 25 años;10.479
Castellón/Castelló;Pareja no casada, con o sin hijos convivientes;1 hijo conviviendo menor de 25 años;6.424
Castellón/Castelló;Pareja no casada, con o sin hijos convivientes;2 hijos o más conviviendo menores de 25 años;4.138
Castellón/Castelló;Padre sólo con hijos convivientes;0 hijos conviviendo;0
Castellón/Castelló;Padre sólo con hijos convivientes;1 hijo conviviendo;3.177
Castellón/Castelló;Padre sólo con hijos convivientes;2 o más hijos conviviendo;1.184
Castellón/Castelló;Padre sólo con hijos convivientes;0 hijos conviviendo menores de 25 años;1.589
Castellón/Castelló;Padre sólo con hijos convivientes;1 hijo conviviendo menor de 25 años;1.793
Castellón/Castelló;Padre sólo con hijos convivientes;2 hijos o más conviviendo menores de 25 años;979
Castellón/Castelló;Madre sóla con hijos convivientes;0 hijos conviviendo;0
Castellón/Castelló;Madre sóla con hijos convivientes;1 hijo conviviendo;12.005
Castellón/Castelló;Madre sóla con hijos convivientes;2 o más hijos conviviendo;6.905
Castellón/Castelló;Madre sóla con hijos convivientes;0 hijos conviviendo menores de 25 años;7.793
Castellón/Castelló;Madre sóla con hijos convivientes;1 hijo conviviendo menor de 25 años;6.316
Castellón/Castelló;Madre sóla con hijos convivientes;2 hijos o más conviviendo menores de 25 años;4.801
Ciudad Real;Pareja casada, con o sin hijos convivientes;0 hijos conviviendo;40.425
Ciudad Real;Pareja casada, con o sin hijos convivientes;1 hijo conviviendo;29.789
Ciudad Real;Pareja casada, con o sin hijos convivientes;2 o más hijos conviviendo;42.054
Ciudad Real;Pareja casada, con o sin hijos convivientes;0 hijos conviviendo menores de 25 años;58.585
Ciudad Real;Pareja casada, con o sin hijos convivientes;1 hijo conviviendo menor de 25 años;21.137
Ciudad Real;Pareja casada, con o sin hijos convivientes;2 hijos o más conviviendo menores de 25 años;32.546
Ciudad Real;Pareja no casada, con o sin hijos convivientes;0 hijos conviviendo;6.129
Ciudad Real;Pareja no casada, con o sin hijos convivientes;1 hijo conviviendo;2.589
Ciudad Real;Pareja no casada, con o sin hijos convivientes;2 o más hijos conviviendo;2.345
Ciudad Real;Pareja no casada, con o sin hijos convivientes;0 hijos conviviendo menores de 25 años;6.177
Ciudad Real;Pareja no casada, con o sin hijos convivientes;1 hijo conviviendo menor de 25 años;2.552
Ciudad Real;Pareja no casada, con o sin hijos convivientes;2 hijos o más conviviendo menores de 25 años;2.334
Ciudad Real;Padre sólo con hijos convivientes;0 hijos conviviendo;0
Ciudad Real;Padre sólo con hijos convivientes;1 hijo conviviendo;1.939
Ciudad Real;Padre sólo con hijos convivientes;2 o más hijos conviviendo;971
Ciudad Real;Padre sólo con hijos convivientes;0 hijos conviviendo menores de 25 años;1.586
Ciudad Real;Padre sólo con hijos convivientes;1 hijo conviviendo menor de 25 años;1.050
Ciudad Real;Padre sólo con hijos convivientes;2 hijos o más conviviendo menores de 25 años;273
Ciudad Real;Madre sóla con hijos convivientes;0 hijos conviviendo;0
Ciudad Real;Madre sóla con hijos convivientes;1 hijo conviviendo;8.953
Ciudad Real;Madre sóla con hijos convivientes;2 o más hijos conviviendo;5.726
Ciudad Real;Madre sóla con hijos convivientes;0 hijos conviviendo menores de 25 años;6.157
Ciudad Real;Madre sóla con hijos convivientes;1 hijo conviviendo menor de 25 años;4.443
Ciudad Real;Madre sóla con hijos convivientes;2 hijos o más conviviendo menores de 25 años;4.078
Córdoba;Pareja casada, con o sin hijos convivientes;0 hijos conviviendo;60.664
Córdoba;Pareja casada, con o sin hijos convivientes;1 hijo conviviendo;45.965
Córdoba;Pareja casada, con o sin hijos convivientes;2 o más hijos conviviendo;65.183
Córdoba;Pareja casada, con o sin hijos convivientes;0 hijos conviviendo menores de 25 años;86.105
Córdoba;Pareja casada, con o sin hijos convivientes;1 hijo conviviendo menor de 25 años;35.651
Córdoba;Pareja casada, con o sin hijos convivientes;2 hijos o más conviviendo menores de 25 años;50.057
Córdoba;Pareja no casada, con o sin hijos convivientes;0 hijos conviviendo;9.698
Córdoba;Pareja no casada, con o sin hijos convivientes;1 hijo conviviendo;3.603
Córdoba;Pareja no casada, con o sin hijos convivientes;2 o más hijos conviviendo;3.269
Córdoba;Pareja no casada, con o sin hijos convivientes;0 hijos conviviendo menores de 25 años;10.327
Córdoba;Pareja no casada, con o sin hijos convivientes;1 hijo conviviendo menor de 25 años;3.109
Córdoba;Pareja no casada, con o sin hijos convivientes;2 hijos o más conviviendo menores de 25 años;3.135
Córdoba;Padre sólo con hijos convivientes;0 hijos conviviendo;0
Córdoba;Padre sólo con hijos convivientes;1 hijo conviviendo;3.238
Córdoba;Padre sólo con hijos convivientes;2 o más hijos conviviendo;2.309
Córdoba;Padre sólo con hijos convivientes;0 hijos conviviendo menores de 25 años;2.457
Córdoba;Padre sólo con hijos convivientes;1 hijo conviviendo menor de 25 años;1.668
Córdoba;Padre sólo con hijos convivientes;2 hijos o más conviviendo menores de 25 años;1.422
Córdoba;Madre sóla con hijos convivientes;0 hijos conviviendo;0
Córdoba;Madre sóla con hijos convivientes;1 hijo conviviendo;20.776
Córdoba;Madre sóla con hijos convivientes;2 o más hijos conviviendo;11.039
Córdoba;Madre sóla con hijos convivientes;0 hijos conviviendo menores de 25 años;13.456
Córdoba;Madre sóla con hijos convivientes;1 hijo conviviendo menor de 25 años;10.867
Córdoba;Madre sóla con hijos convivientes;2 hijos o más conviviendo menores de 25 años;7.491
Coruña, A;Pareja casada, con o sin hijos convivientes;0 hijos conviviendo;99.089
Coruña, A;Pareja casada, con o sin hijos convivientes;1 hijo conviviendo;76.513
Coruña, A;Pareja casada, con o sin hijos convivientes;2 o más hijos conviviendo;59.139
Coruña, A;Pareja casada, con o sin hijos convivientes;0 hijos conviviendo menores de 25 años;139.257
Coruña, A;Pareja casada, con o sin hijos convivientes;1 hijo conviviendo menor de 25 años;50.816
Coruña, A;Pareja casada, con o sin hijos convivientes;2 hijos o más conviviendo menores de 25 años;44.668
Coruña, A;Pareja no casada, con o sin hijos convivientes;0 hijos conviviendo;19.776
Coruña, A;Pareja no casada, con o sin hijos convivientes;1 hijo conviviendo;13.663
Coruña, A;Pareja no casada, con o sin hijos convivientes;2 o más hijos conviviendo;7.947
Coruña, A;Pareja no casada, con o sin hijos convivientes;0 hijos conviviendo menores de 25 años;21.226
Coruña, A;Pareja no casada, con o sin hijos convivientes;1 hijo conviviendo menor de 25 años;12.517
Coruña, A;Pareja no casada, con o sin hijos convivientes;2 hijos o más conviviendo menores de 25 años;7.642
Coruña, A;Padre sólo con hijos convivientes;0 hijos conviviendo;0
Coruña, A;Padre sólo con hijos convivientes;1 hijo conviviendo;7.161
Coruña, A;Padre sólo con hijos convivientes;2 o más hijos conviviendo;2.101
Coruña, A;Padre sólo con hijos convivientes;0 hijos conviviendo menores de 25 años;4.548
Coruña, A;Padre sólo con hijos convivientes;1 hijo conviviendo menor de 25 años;3.271
Coruña, A;Padre sólo con hijos convivientes;2 hijos o más conviviendo menores de 25 años;1.443
Coruña, A;Madre sóla con hijos convivientes;0 hijos conviviendo;0
Coruña, A;Madre sóla con hijos convivientes;1 hijo conviviendo;35.712
Coruña, A;Madre sóla con hijos convivientes;2 o más hijos conviviendo;14.613
Coruña, A;Madre sóla con hijos convivientes;0 hijos conviviendo menores de 25 años;29.173
Coruña, A;Madre sóla con hijos convivientes;1 hijo conviviendo menor de 25 años;13.348
Coruña, A;Madre sóla con hijos convivientes;2 hijos o más conviviendo menores de 25 años;7.804
Cuenca;Pareja casada, con o sin hijos convivientes;0 hijos conviviendo;17.104
Cuenca;Pareja casada, con o sin hijos convivientes;1 hijo conviviendo;10.252
Cuenca;Pareja casada, con o sin hijos convivientes;2 o más hijos conviviendo;15.091
Cuenca;Pareja casada, con o sin hijos convivientes;0 hijos conviviendo menores de 25 años;23.900
Cuenca;Pareja casada, con o sin hijos convivientes;1 hijo conviviendo menor de 25 años;7.407
Cuenca;Pareja casada, con o sin hijos convivientes;2 hijos o más conviviendo menores de 25 años;11.141
Cuenca;Pareja no casada, con o sin hijos convivientes;0 hijos conviviendo;3.151
Cuenca;Pareja no casada, con o sin hijos convivientes;1 hijo conviviendo;1.761
Cuenca;Pareja no casada, con o sin hijos convivientes;2 o más hijos conviviendo;1.630
Cuenca;Pareja no casada, con o sin hijos convivientes;0 hijos conviviendo menores de 25 años;3.170
Cuenca;Pareja no casada, con o sin hijos convivientes;1 hijo conviviendo menor de 25 años;1.822
Cuenca;Pareja no casada, con o sin hijos convivientes;2 hijos o más conviviendo menores de 25 años;1.550
Cuenca;Padre sólo con hijos convivientes;0 hijos conviviendo;0
Cuenca;Padre sólo con hijos convivientes;1 hijo conviviendo;1.005
Cuenca;Padre sólo con hijos convivientes;2 o más hijos conviviendo;641
Cuenca;Padre sólo con hijos convivientes;0 hijos conviviendo menores de 25 años;960
Cuenca;Padre sólo con hijos convivientes;1 hijo conviviendo menor de 25 años;425
Cuenca;Padre sólo con hijos convivientes;2 hijos o más conviviendo menores de 25 años;261
Cuenca;Madre sóla con hijos convivientes;0 hijos conviviendo;0
Cuenca;Madre sóla con hijos convivientes;1 hijo conviviendo;4.081
Cuenca;Madre sóla con hijos convivientes;2 o más hijos conviviendo;2.208
Cuenca;Madre sóla con hijos convivientes;0 hijos conviviendo menores de 25 años;3.606
Cuenca;Madre sóla con hijos convivientes;1 hijo conviviendo menor de 25 años;1.873
Cuenca;Madre sóla con hijos convivientes;2 hijos o más conviviendo menores de 25 años;809
Gipuzkoa;Pareja casada, con o sin hijos convivientes;0 hijos conviviendo;57.745
Gipuzkoa;Pareja casada, con o sin hijos convivientes;1 hijo conviviendo;39.624
Gipuzkoa;Pareja casada, con o sin hijos convivientes;2 o más hijos conviviendo;51.254
Gipuzkoa;Pareja casada, con o sin hijos convivientes;0 hijos conviviendo menores de 25 años;78.713
Gipuzkoa;Pareja casada, con o sin hijos convivientes;1 hijo conviviendo menor de 25 años;27.899
Gipuzkoa;Pareja casada, con o sin hijos convivientes;2 hijos o más conviviendo menores de 25 años;42.012
Gipuzkoa;Pareja no casada, con o sin hijos convivientes;0 hijos conviviendo;10.501
Gipuzkoa;Pareja no casada, con o sin hijos convivientes;1 hijo conviviendo;6.357
Gipuzkoa;Pareja no casada, con o sin hijos convivientes;2 o más hijos conviviendo;6.379
Gipuzkoa;Pareja no casada, con o sin hijos convivientes;0 hijos conviviendo menores de 25 años;11.004
Gipuzkoa;Pareja no casada, con o sin hijos convivientes;1 hijo conviviendo menor de 25 años;6.084
Gipuzkoa;Pareja no casada, con o sin hijos convivientes;2 hijos o más conviviendo menores de 25 años;6.149
Gipuzkoa;Padre sólo con hijos convivientes;0 hijos conviviendo;0
Gipuzkoa;Padre sólo con hijos convivientes;1 hijo conviviendo;4.482
Gipuzkoa;Padre sólo con hijos convivientes;2 o más hijos conviviendo;2.654
Gipuzkoa;Padre sólo con hijos convivientes;0 hijos conviviendo menores de 25 años;3.075
Gipuzkoa;Padre sólo con hijos convivientes;1 hijo conviviendo menor de 25 años;2.243
Gipuzkoa;Padre sólo con hijos convivientes;2 hijos o más conviviendo menores de 25 años;1.817
Gipuzkoa;Madre sóla con hijos convivientes;0 hijos conviviendo;0
Gipuzkoa;Madre sóla con hijos convivientes;1 hijo conviviendo;18.960
Gipuzkoa;Madre sóla con hijos convivientes;2 o más hijos conviviendo;7.136
Gipuzkoa;Madre sóla con hijos convivientes;0 hijos conviviendo menores de 25 años;14.184
Gipuzkoa;Madre sóla con hijos convivientes;1 hijo conviviendo menor de 25 años;6.953
Gipuzkoa;Madre sóla con hijos convivientes;2 hijos o más conviviendo menores de 25 años;4.959
Girona;Pareja casada, con o sin hijos convivientes;0 hijos conviviendo;58.873
Girona;Pareja casada, con o sin hijos convivientes;1 hijo conviviendo;40.885
Girona;Pareja casada, con o sin hijos convivientes;2 o más hijos conviviendo;49.930
Girona;Pareja casada, con o sin hijos convivientes;0 hijos conviviendo menores de 25 años;76.507
Girona;Pareja casada, con o sin hijos convivientes;1 hijo conviviendo menor de 25 años;29.519
Girona;Pareja casada, con o sin hijos convivientes;2 hijos o más conviviendo menores de 25 años;43.662
Girona;Pareja no casada, con o sin hijos convivientes;0 hijos conviviendo;14.396
Girona;Pareja no casada, con o sin hijos convivientes;1 hijo conviviendo;10.908
Girona;Pareja no casada, con o sin hijos convivientes;2 o más hijos conviviendo;9.391
Girona;Pareja no casada, con o sin hijos convivientes;0 hijos conviviendo menores de 25 años;14.538
Girona;Pareja no casada, con o sin hijos convivientes;1 hijo conviviendo menor de 25 años;11.346
Girona;Pareja no casada, con o sin hijos convivientes;2 hijos o más conviviendo menores de 25 años;8.811
Girona;Padre sólo con hijos convivientes;0 hijos conviviendo;0
Girona;Padre sólo con hijos convivientes;1 hijo conviviendo;5.793
Girona;Padre sólo con hijos convivientes;2 o más hijos conviviendo;1.542
Girona;Padre sólo con hijos convivientes;0 hijos conviviendo menores de 25 años;3.948
Girona;Padre sólo con hijos convivientes;1 hijo conviviendo menor de 25 años;2.010
Girona;Padre sólo con hijos convivientes;2 hijos o más conviviendo menores de 25 años;1.377
Girona;Madre sóla con hijos convivientes;0 hijos conviviendo;0
Girona;Madre sóla con hijos convivientes;1 hijo conviviendo;18.388
Girona;Madre sóla con hijos convivientes;2 o más hijos conviviendo;9.249
Girona;Madre sóla con hijos convivientes;0 hijos conviviendo menores de 25 años;13.727
Girona;Madre sóla con hijos convivientes;1 hijo conviviendo menor de 25 años;8.985
Girona;Madre sóla con hijos convivientes;2 hijos o más conviviendo menores de 25 años;4.925
Granada;Pareja casada, con o sin hijos convivientes;0 hijos conviviendo;67.198
Granada;Pareja casada, con o sin hijos convivientes;1 hijo conviviendo;48.712
Granada;Pareja casada, con o sin hijos convivientes;2 o más hijos conviviendo;66.879
Granada;Pareja casada, con o sin hijos convivientes;0 hijos conviviendo menores de 25 años;89.140
Granada;Pareja casada, con o sin hijos convivientes;1 hijo conviviendo menor de 25 años;38.579
Granada;Pareja casada, con o sin hijos convivientes;2 hijos o más conviviendo menores de 25 años;55.069
Granada;Pareja no casada, con o sin hijos convivientes;0 hijos conviviendo;17.424
Granada;Pareja no casada, con o sin hijos convivientes;1 hijo conviviendo;9.799
Granada;Pareja no casada, con o sin hijos convivientes;2 o más hijos conviviendo;8.189
Granada;Pareja no casada, con o sin hijos convivientes;0 hijos conviviendo menores de 25 años;17.661
Granada;Pareja no casada, con o sin hijos convivientes;1 hijo conviviendo menor de 25 años;9.744
Granada;Pareja no casada, con o sin hijos convivientes;2 hijos o más conviviendo menores de 25 años;8.006
Granada;Padre sólo con hijos convivientes;0 hijos conviviendo;0
Granada;Padre sólo con hijos convivientes;1 hijo conviviendo;4.959
Granada;Padre sólo con hijos convivientes;2 o más hijos conviviendo;3.217
Granada;Padre sólo con hijos convivientes;0 hijos conviviendo menores de 25 años;4.200
Granada;Padre sólo con hijos convivientes;1 hijo conviviendo menor de 25 años;2.442
Granada;Padre sólo con hijos convivientes;2 hijos o más conviviendo menores de 25 años;1.534
Granada;Madre sóla con hijos convivientes;0 hijos conviviendo;0
Granada;Madre sóla con hijos convivientes;1 hijo conviviendo;28.188
Granada;Madre sóla con hijos convivientes;2 o más hijos conviviendo;11.892
Granada;Madre sóla con hijos convivientes;0 hijos conviviendo menores de 25 años;15.955
Granada;Madre sóla con hijos convivientes;1 hijo conviviendo menor de 25 años;15.582
Granada;Madre sóla con hijos convivientes;2 hijos o más conviviendo menores de 25 años;8.543
Guadalajara;Pareja casada, con o sin hijos convivientes;0 hijos conviviendo;17.593
Guadalajara;Pareja casada, con o sin hijos convivientes;1 hijo conviviendo;15.510
Guadalajara;Pareja casada, con o sin hijos convivientes;2 o más hijos conviviendo;19.778
Guadalajara;Pareja casada, con o sin hijos convivientes;0 hijos conviviendo menores de 25 años;24.307
Guadalajara;Pareja casada, con o sin hijos convivientes;1 hijo conviviendo menor de 25 años;12.096
Guadalajara;Pareja casada, con o sin hijos convivientes;2 hijos o más conviviendo menores de 25 años;16.478
Guadalajara;Pareja no casada, con o sin hijos convivientes;0 hijos conviviendo;5.619
Guadalajara;Pareja no casada, con o sin hijos convivientes;1 hijo conviviendo;2.074
Guadalajara;Pareja no casada, con o sin hijos convivientes;2 o más hijos conviviendo;2.432
Guadalajara;Pareja no casada, con o sin hijos convivientes;0 hijos conviviendo menores de 25 años;5.821
Guadalajara;Pareja no casada, con o sin hijos convivientes;1 hijo conviviendo menor de 25 años;1.872
Guadalajara;Pareja no casada, con o sin hijos convivientes;2 hijos o más conviviendo menores de 25 años;2.432
Guadalajara;Padre sólo con hijos convivientes;0 hijos conviviendo;0
Guadalajara;Padre sólo con hijos convivientes;1 hijo conviviendo;1.881
Guadalajara;Padre sólo con hijos convivientes;2 o más hijos conviviendo;1.103
Guadalajara;Padre sólo con hijos convivientes;0 hijos conviviendo menores de 25 años;1.559
Guadalajara;Padre sólo con hijos convivientes;1 hijo conviviendo menor de 25 años;938
Guadalajara;Padre sólo con hijos convivientes;2 hijos o más conviviendo menores de 25 años;487
Guadalajara;Madre sóla con hijos convivientes;0 hijos conviviendo;0
Guadalajara;Madre sóla con hijos convivientes;1 hijo conviviendo;5.394
Guadalajara;Madre sóla con hijos convivientes;2 o más hijos conviviendo;2.710
Guadalajara;Madre sóla con hijos convivientes;0 hijos conviviendo menores de 25 años;2.812
Guadalajara;Madre sóla con hijos convivientes;1 hijo conviviendo menor de 25 años;3.342
Guadalajara;Madre sóla con hijos convivientes;2 hijos o más conviviendo menores de 25 años;1.951
Huelva;Pareja casada, con o sin hijos convivientes;0 hijos conviviendo;38.893
Huelva;Pareja casada, con o sin hijos convivientes;1 hijo conviviendo;32.632
Huelva;Pareja casada, con o sin hijos convivientes;2 o más hijos conviviendo;40.182
Huelva;Pareja casada, con o sin hijos convivientes;0 hijos conviviendo menores de 25 años;57.360
Huelva;Pareja casada, con o sin hijos convivientes;1 hijo conviviendo menor de 25 años;23.144
Huelva;Pareja casada, con o sin hijos convivientes;2 hijos o más conviviendo menores de 25 años;31.203
Huelva;Pareja no casada, con o sin hijos convivientes;0 hijos conviviendo;6.596
Huelva;Pareja no casada, con o sin hijos convivientes;1 hijo conviviendo;4.079
Huelva;Pareja no casada, con o sin hijos convivientes;2 o más hijos conviviendo;5.627
Huelva;Pareja no casada, con o sin hijos convivientes;0 hijos conviviendo menores de 25 años;6.710
Huelva;Pareja no casada, con o sin hijos convivientes;1 hijo conviviendo menor de 25 años;3.966
Huelva;Pareja no casada, con o sin hijos convivientes;2 hijos o más conviviendo menores de 25 años;5.627
Huelva;Padre sólo con hijos convivientes;0 hijos conviviendo;0
Huelva;Padre sólo con hijos convivientes;1 hijo conviviendo;2.833
Huelva;Padre sólo con hijos convivientes;2 o más hijos conviviendo;788
Huelva;Padre sólo con hijos convivientes;0 hijos conviviendo menores de 25 años;1.555
Huelva;Padre sólo con hijos convivientes;1 hijo conviviendo menor de 25 años;1.500
Huelva;Padre sólo con hijos convivientes;2 hijos o más conviviendo menores de 25 años;566
Huelva;Madre sóla con hijos convivientes;0 hijos conviviendo;0
Huelva;Madre sóla con hijos convivientes;1 hijo conviviendo;14.379
Huelva;Madre sóla con hijos convivientes;2 o más hijos conviviendo;5.555
Huelva;Madre sóla con hijos convivientes;0 hijos conviviendo menores de 25 años;7.912
Huelva;Madre sóla con hijos convivientes;1 hijo conviviendo menor de 25 años;8.361
Huelva;Madre sóla con hijos convivientes;2 hijos o más conviviendo menores de 25 años;3.662
Huesca;Pareja casada, con o sin hijos convivientes;0 hijos conviviendo;17.268
Huesca;Pareja casada, con o sin hijos convivientes;1 hijo conviviendo;13.525
Huesca;Pareja casada, con o sin hijos convivientes;2 o más hijos conviviendo;14.176
Huesca;Pareja casada, con o sin hijos convivientes;0 hijos conviviendo menores de 25 años;24.429
Huesca;Pareja casada, con o sin hijos convivientes;1 hijo conviviendo menor de 25 años;9.060
Huesca;Pareja casada, con o sin hijos convivientes;2 hijos o más conviviendo menores de 25 años;11.480
Huesca;Pareja no casada, con o sin hijos convivientes;0 hijos conviviendo;5.368
Huesca;Pareja no casada, con o sin hijos convivientes;1 hijo conviviendo;2.789
Huesca;Pareja no casada, con o sin hijos convivientes;2 o más hijos conviviendo;1.469
Huesca;Pareja no casada, con o sin hijos convivientes;0 hijos conviviendo menores de 25 años;5.683
Huesca;Pareja no casada, con o sin hijos convivientes;1 hijo conviviendo menor de 25 años;2.474
Huesca;Pareja no casada, con o sin hijos convivientes;2 hijos o más conviviendo menores de 25 años;1.469
Huesca;Padre sólo con hijos convivientes;0 hijos conviviendo;0
Huesca;Padre sólo con hijos convivientes;1 hijo conviviendo;1.925
Huesca;Padre sólo con hijos convivientes;2 o más hijos conviviendo;710
Huesca;Padre sólo con hijos convivientes;0 hijos conviviendo menores de 25 años;1.272
Huesca;Padre sólo con hijos convivientes;1 hijo conviviendo menor de 25 años;771
Huesca;Padre sólo con hijos convivientes;2 hijos o más conviviendo menores de 25 años;592
Huesca;Madre sóla con hijos convivientes;0 hijos conviviendo;0
Huesca;Madre sóla con hijos convivientes;1 hijo conviviendo;5.688
Huesca;Madre sóla con hijos convivientes;2 o más hijos conviviendo;1.739
Huesca;Madre sóla con hijos convivientes;0 hijos conviviendo menores de 25 años;4.216
Huesca;Madre sóla con hijos convivientes;1 hijo conviviendo menor de 25 años;1.853
Huesca;Madre sóla con hijos convivientes;2 hijos o más conviviendo menores de 25 años;1.357
Jaén;Pareja casada, con o sin hijos convivientes;0 hijos conviviendo;48.203
Jaén;Pareja casada, con o sin hijos convivientes;1 hijo conviviendo;38.592
Jaén;Pareja casada, con o sin hijos convivientes;2 o más hijos conviviendo;51.289
Jaén;Pareja casada, con o sin hijos convivientes;0 hijos conviviendo menores de 25 años;67.939
Jaén;Pareja casada, con o sin hijos convivientes;1 hijo conviviendo menor de 25 años;30.381
Jaén;Pareja casada, con o sin hijos convivientes;2 hijos o más conviviendo menores de 25 años;39.763
Jaén;Pareja no casada, con o sin hijos convivientes;0 hijos conviviendo;7.142
Jaén;Pareja no casada, con o sin hijos convivientes;1 hijo conviviendo;3.356
Jaén;Pareja no casada, con o sin hijos convivientes;2 o más hijos conviviendo;4.351
Jaén;Pareja no casada, con o sin hijos convivientes;0 hijos conviviendo menores de 25 años;7.384
Jaén;Pareja no casada, con o sin hijos convivientes;1 hijo conviviendo menor de 25 años;3.187
Jaén;Pareja no casada, con o sin hijos convivientes;2 hijos o más conviviendo menores de 25 años;4.278
Jaén;Padre sólo con hijos convivientes;0 hijos conviviendo;0
Jaén;Padre sólo con hijos convivientes;1 hijo conviviendo;4.315
Jaén;Padre sólo con hijos convivientes;2 o más hijos conviviendo;1.134
Jaén;Padre sólo con hijos convivientes;0 hijos conviviendo menores de 25 años;3.408
Jaén;Padre sólo con hijos convivientes;1 hijo conviviendo menor de 25 años;1.661
Jaén;Padre sólo con hijos convivientes;2 hijos o más conviviendo menores de 25 años;380
Jaén;Madre sóla con hijos convivientes;0 hijos conviviendo;0
Jaén;Madre sóla con hijos convivientes;1 hijo conviviendo;14.153
Jaén;Madre sóla con hijos convivientes;2 o más hijos conviviendo;9.220
Jaén;Madre sóla con hijos convivientes;0 hijos conviviendo menores de 25 años;11.329
Jaén;Madre sóla con hijos convivientes;1 hijo conviviendo menor de 25 años;7.440
Jaén;Madre sóla con hijos convivientes;2 hijos o más conviviendo menores de 25 años;4.604
León;Pareja casada, con o sin hijos convivientes;0 hijos conviviendo;41.763
León;Pareja casada, con o sin hijos convivientes;1 hijo conviviendo;29.873
León;Pareja casada, con o sin hijos convivientes;2 o más hijos conviviendo;22.421
León;Pareja casada, con o sin hijos convivientes;0 hijos conviviendo menores de 25 años;56.688
León;Pareja casada, con o sin hijos convivientes;1 hijo conviviendo menor de 25 años;19.568
León;Pareja casada, con o sin hijos convivientes;2 hijos o más conviviendo menores de 25 años;17.802
León;Pareja no casada, con o sin hijos convivientes;0 hijos conviviendo;6.846
León;Pareja no casada, con o sin hijos convivientes;1 hijo conviviendo;3.589
León;Pareja no casada, con o sin hijos convivientes;2 o más hijos conviviendo;2.206
León;Pareja no casada, con o sin hijos convivientes;0 hijos conviviendo menores de 25 años;7.151
León;Pareja no casada, con o sin hijos convivientes;1 hijo conviviendo menor de 25 años;3.366
León;Pareja no casada, con o sin hijos convivientes;2 hijos o más conviviendo menores de 25 años;2.126
León;Padre sólo con hijos convivientes;0 hijos conviviendo;0
León;Padre sólo con hijos convivientes;1 hijo conviviendo;4.135
León;Padre sólo con hijos convivientes;2 o más hijos conviviendo;1.404
León;Padre sólo con hijos convivientes;0 hijos conviviendo menores de 25 años;2.460
León;Padre sólo con hijos convivientes;1 hijo conviviendo menor de 25 años;1.950
León;Padre sólo con hijos convivientes;2 hijos o más conviviendo menores de 25 años;1.130
León;Madre sóla con hijos convivientes;0 hijos conviviendo;0
León;Madre sóla con hijos convivientes;1 hijo conviviendo;17.049
León;Madre sóla con hijos convivientes;2 o más hijos conviviendo;3.300
León;Madre sóla con hijos convivientes;0 hijos conviviendo menores de 25 años;11.510
León;Madre sóla con hijos convivientes;1 hijo conviviendo menor de 25 años;7.108
León;Madre sóla con hijos convivientes;2 hijos o más conviviendo menores de 25 años;1.732
Lleida;Pareja casada, con o sin hijos convivientes;0 hijos conviviendo;32.315
Lleida;Pareja casada, con o sin hijos convivientes;1 hijo conviviendo;24.696
Lleida;Pareja casada, con o sin hijos convivientes;2 o más hijos conviviendo;26.399
Lleida;Pareja casada, con o sin hijos convivientes;0 hijos conviviendo menores de 25 años;42.082
Lleida;Pareja casada, con o sin hijos convivientes;1 hijo conviviendo menor de 25 años;18.333
Lleida;Pareja casada, con o sin hijos convivientes;2 hijos o más conviviendo menores de 25 años;22.995
Lleida;Pareja no casada, con o sin hijos convivientes;0 hijos conviviendo;8.752
Lleida;Pareja no casada, con o sin hijos convivientes;1 hijo conviviendo;3.894
Lleida;Pareja no casada, con o sin hijos convivientes;2 o más hijos conviviendo;3.527
Lleida;Pareja no casada, con o sin hijos convivientes;0 hijos conviviendo menores de 25 años;9.040
Lleida;Pareja no casada, con o sin hijos convivientes;1 hijo conviviendo menor de 25 años;3.795
Lleida;Pareja no casada, con o sin hijos convivientes;2 hijos o más conviviendo menores de 25 años;3.339
Lleida;Padre sólo con hijos convivientes;0 hijos conviviendo;0
Lleida;Padre sólo con hijos convivientes;1 hijo conviviendo;4.490
Lleida;Padre sólo con hijos convivientes;2 o más hijos conviviendo;2.212
Lleida;Padre sólo con hijos convivientes;0 hijos conviviendo menores de 25 años;2.452
Lleida;Padre sólo con hijos convivientes;1 hijo conviviendo menor de 25 años;2.421
Lleida;Padre sólo con hijos convivientes;2 hijos o más conviviendo menores de 25 años;1.830
Lleida;Madre sóla con hijos convivientes;0 hijos conviviendo;0
Lleida;Madre sóla con hijos convivientes;1 hijo conviviendo;13.806
Lleida;Madre sóla con hijos convivientes;2 o más hijos conviviendo;5.460
Lleida;Madre sóla con hijos convivientes;0 hijos conviviendo menores de 25 años;7.819
Lleida;Madre sóla con hijos convivientes;1 hijo conviviendo menor de 25 años;7.244
Lleida;Madre sóla con hijos convivientes;2 hijos o más conviviendo menores de 25 años;4.202
Lugo;Pareja casada, con o sin hijos convivientes;0 hijos conviviendo;30.607
Lugo;Pareja casada, con o sin hijos convivientes;1 hijo conviviendo;23.759
Lugo;Pareja casada, con o sin hijos convivientes;2 o más hijos conviviendo;15.103
Lugo;Pareja casada, con o sin hijos convivientes;0 hijos conviviendo menores de 25 años;43.952
Lugo;Pareja casada, con o sin hijos convivientes;1 hijo conviviendo menor de 25 años;14.964
Lugo;Pareja casada, con o sin hijos convivientes;2 hijos o más conviviendo menores de 25 años;10.553
Lugo;Pareja no casada, con o sin hijos convivientes;0 hijos conviviendo;4.413
Lugo;Pareja no casada, con o sin hijos convivientes;1 hijo conviviendo;2.485
Lugo;Pareja no casada, con o sin hijos convivientes;2 o más hijos conviviendo;1.377
Lugo;Pareja no casada, con o sin hijos convivientes;0 hijos conviviendo menores de 25 años;4.630
Lugo;Pareja no casada, con o sin hijos convivientes;1 hijo conviviendo menor de 25 años;2.363
Lugo;Pareja no casada, con o sin hijos convivientes;2 hijos o más conviviendo menores de 25 años;1.281
Lugo;Padre sólo con hijos convivientes;0 hijos conviviendo;0
Lugo;Padre sólo con hijos convivientes;1 hijo conviviendo;2.543
Lugo;Padre sólo con hijos convivientes;2 o más hijos conviviendo;892
Lugo;Padre sólo con hijos convivientes;0 hijos conviviendo menores de 25 años;1.723
Lugo;Padre sólo con hijos convivientes;1 hijo conviviendo menor de 25 años;1.053
Lugo;Padre sólo con hijos convivientes;2 hijos o más conviviendo menores de 25 años;659
Lugo;Madre sóla con hijos convivientes;0 hijos conviviendo;0
Lugo;Madre sóla con hijos convivientes;1 hijo conviviendo;13.148
Lugo;Madre sóla con hijos convivientes;2 o más hijos conviviendo;2.502
Lugo;Madre sóla con hijos convivientes;0 hijos conviviendo menores de 25 años;9.970
Lugo;Madre sóla con hijos convivientes;1 hijo conviviendo menor de 25 años;4.554
Lugo;Madre sóla con hijos convivientes;2 hijos o más conviviendo menores de 25 años;1.126
Madrid;Pareja casada, con o sin hijos convivientes;0 hijos conviviendo;476.065
Madrid;Pareja casada, con o sin hijos convivientes;1 hijo conviviendo;370.763
Madrid;Pareja casada, con o sin hijos convivientes;2 o más hijos conviviendo;466.104
Madrid;Pareja casada, con o sin hijos convivientes;0 hijos conviviendo menores de 25 años;655.773
Madrid;Pareja casada, con o sin hijos convivientes;1 hijo conviviendo menor de 25 años;269.414
Madrid;Pareja casada, con o sin hijos convivientes;2 hijos o más conviviendo menores de 25 años;387.745
Madrid;Pareja no casada, con o sin hijos convivientes;0 hijos conviviendo;158.727
Madrid;Pareja no casada, con o sin hijos convivientes;1 hijo conviviendo;70.769
Madrid;Pareja no casada, con o sin hijos convivientes;2 o más hijos conviviendo;59.015
Madrid;Pareja no casada, con o sin hijos convivientes;0 hijos conviviendo menores de 25 años;164.095
Madrid;Pareja no casada, con o sin hijos convivientes;1 hijo conviviendo menor de 25 años;68.167
Madrid;Pareja no casada, con o sin hijos convivientes;2 hijos o más conviviendo menores de 25 años;56.248
Madrid;Padre sólo con hijos convivientes;0 hijos conviviendo;0
Madrid;Padre sólo con hijos convivientes;1 hijo conviviendo;42.235
Madrid;Padre sólo con hijos convivientes;2 o más hijos conviviendo;19.870
Madrid;Padre sólo con hijos convivientes;0 hijos conviviendo menores de 25 años;25.967
Madrid;Padre sólo con hijos convivientes;1 hijo conviviendo menor de 25 años;25.235
Madrid;Padre sólo con hijos convivientes;2 hijos o más conviviendo menores de 25 años;10.903
Madrid;Madre sóla con hijos convivientes;0 hijos conviviendo;0
Madrid;Madre sóla con hijos convivientes;1 hijo conviviendo;190.162
Madrid;Madre sóla con hijos convivientes;2 o más hijos conviviendo;81.396
Madrid;Madre sóla con hijos convivientes;0 hijos conviviendo menores de 25 años;115.486
Madrid;Madre sóla con hijos convivientes;1 hijo conviviendo menor de 25 años;103.599
Madrid;Madre sóla con hijos convivientes;2 hijos o más conviviendo menores de 25 años;52.472
Málaga;Pareja casada, con o sin hijos convivientes;0 hijos conviviendo;120.284
Málaga;Pareja casada, con o sin hijos convivientes;1 hijo conviviendo;95.207
Málaga;Pareja casada, con o sin hijos convivientes;2 o más hijos conviviendo;119.887
Málaga;Pareja casada, con o sin hijos convivientes;0 hijos conviviendo menores de 25 años;172.860
Málaga;Pareja casada, con o sin hijos convivientes;1 hijo conviviendo menor de 25 años;67.026
Málaga;Pareja casada, con o sin hijos convivientes;2 hijos o más conviviendo menores de 25 años;95.493
Málaga;Pareja no casada, con o sin hijos convivientes;0 hijos conviviendo;36.603
Málaga;Pareja no casada, con o sin hijos convivientes;1 hijo conviviendo;17.236
Málaga;Pareja no casada, con o sin hijos convivientes;2 o más hijos conviviendo;13.684
Málaga;Pareja no casada, con o sin hijos convivientes;0 hijos conviviendo menores de 25 años;37.428
Málaga;Pareja no casada, con o sin hijos convivientes;1 hijo conviviendo menor de 25 años;16.726
Málaga;Pareja no casada, con o sin hijos convivientes;2 hijos o más conviviendo menores de 25 años;13.370
Málaga;Padre sólo con hijos convivientes;0 hijos conviviendo;0
Málaga;Padre sólo con hijos convivientes;1 hijo conviviendo;7.438
Málaga;Padre sólo con hijos convivientes;2 o más hijos conviviendo;6.574
Málaga;Padre sólo con hijos convivientes;0 hijos conviviendo menores de 25 años;5.459
Málaga;Padre sólo con hijos convivientes;1 hijo conviviendo menor de 25 años;4.650
Málaga;Padre sólo con hijos convivientes;2 hijos o más conviviendo menores de 25 años;3.902
Málaga;Madre sóla con hijos convivientes;0 hijos conviviendo;0
Málaga;Madre sóla con hijos convivientes;1 hijo conviviendo;49.763
Málaga;Madre sóla con hijos convivientes;2 o más hijos conviviendo;27.042
Málaga;Madre sóla con hijos convivientes;0 hijos conviviendo menores de 25 años;35.086
Málaga;Madre sóla con hijos convivientes;1 hijo conviviendo menor de 25 años;23.715
Málaga;Madre sóla con hijos convivientes;2 hijos o más conviviendo menores de 25 años;18.004
Murcia;Pareja casada, con o sin hijos convivientes;0 hijos conviviendo;98.255
Murcia;Pareja casada, con o sin hijos convivientes;1 hijo conviviendo;79.954
Murcia;Pareja casada, con o sin hijos convivientes;2 o más hijos conviviendo;130.784
Murcia;Pareja casada, con o sin hijos convivientes;0 hijos conviviendo menores de 25 años;141.735
Murcia;Pareja casada, con o sin hijos convivientes;1 hijo conviviendo menor de 25 años;62.229
Murcia;Pareja casada, con o sin hijos convivientes;2 hijos o más conviviendo menores de 25 años;105.028
Murcia;Pareja no casada, con o sin hijos convivientes;0 hijos conviviendo;24.848
Murcia;Pareja no casada, con o sin hijos convivientes;1 hijo conviviendo;16.404
Murcia;Pareja no casada, con o sin hijos convivientes;2 o más hijos conviviendo;10.623
Murcia;Pareja no casada, con o sin hijos convivientes;0 hijos conviviendo menores de 25 años;25.755
Murcia;Pareja no casada, con o sin hijos convivientes;1 hijo conviviendo menor de 25 años;15.757
Murcia;Pareja no casada, con o sin hijos convivientes;2 hijos o más conviviendo menores de 25 años;10.363
Murcia;Padre sólo con hijos convivientes;0 hijos conviviendo;0
Murcia;Padre sólo con hijos convivientes;1 hijo conviviendo;8.636
Murcia;Padre sólo con hijos convivientes;2 o más hijos conviviendo;4.287
Murcia;Padre sólo con hijos convivientes;0 hijos conviviendo menores de 25 años;4.168
Murcia;Padre sólo con hijos convivientes;1 hijo conviviendo menor de 25 años;5.830
Murcia;Padre sólo con hijos convivientes;2 hijos o más conviviendo menores de 25 años;2.925
Murcia;Madre sóla con hijos convivientes;0 hijos conviviendo;0
Murcia;Madre sóla con hijos convivientes;1 hijo conviviendo;39.271
Murcia;Madre sóla con hijos convivientes;2 o más hijos conviviendo;19.605
Murcia;Madre sóla con hijos convivientes;0 hijos conviviendo menores de 25 años;25.217
Murcia;Madre sóla con hijos convivientes;1 hijo conviviendo menor de 25 años;22.458
Murcia;Madre sóla con hijos convivientes;2 hijos o más conviviendo menores de 25 años;11.200
Navarra;Pareja casada, con o sin hijos convivientes;0 hijos conviviendo;46.623
Navarra;Pareja casada, con o sin hijos convivientes;1 hijo conviviendo;35.010
Navarra;Pareja casada, con o sin hijos convivientes;2 o más hijos conviviendo;50.511
Navarra;Pareja casada, con o sin hijos convivientes;0 hijos conviviendo menores de 25 años;63.548
Navarra;Pareja casada, con o sin hijos convivientes;1 hijo conviviendo menor de 25 años;25.340
Navarra;Pareja casada, con o sin hijos convivientes;2 hijos o más conviviendo menores de 25 años;43.256
Navarra;Pareja no casada, con o sin hijos convivientes;0 hijos conviviendo;12.570
Navarra;Pareja no casada, con o sin hijos convivientes;1 hijo conviviendo;4.992
Navarra;Pareja no casada, con o sin hijos convivientes;2 o más hijos conviviendo;4.211
Navarra;Pareja no casada, con o sin hijos convivientes;0 hijos conviviendo menores de 25 años;12.849
Navarra;Pareja no casada, con o sin hijos convivientes;1 hijo conviviendo menor de 25 años;4.799
Navarra;Pareja no casada, con o sin hijos convivientes;2 hijos o más conviviendo menores de 25 años;4.124
Navarra;Padre sólo con hijos convivientes;0 hijos conviviendo;0
Navarra;Padre sólo con hijos convivientes;1 hijo conviviendo;4.813
Navarra;Padre sólo con hijos convivientes;2 o más hijos conviviendo;2.440
Navarra;Padre sólo con hijos convivientes;0 hijos conviviendo menores de 25 años;2.755
Navarra;Padre sólo con hijos convivientes;1 hijo conviviendo menor de 25 años;2.965
Navarra;Padre sólo con hijos convivientes;2 hijos o más conviviendo menores de 25 años;1.533
Navarra;Madre sóla con hijos convivientes;0 hijos conviviendo;0
Navarra;Madre sóla con hijos convivientes;1 hijo conviviendo;16.762
Navarra;Madre sóla con hijos convivientes;2 o más hijos conviviendo;7.352
Navarra;Madre sóla con hijos convivientes;0 hijos conviviendo menores de 25 años;11.238
Navarra;Madre sóla con hijos convivientes;1 hijo conviviendo menor de 25 años;8.352
Navarra;Madre sóla con hijos convivientes;2 hijos o más conviviendo menores de 25 años;4.523
Ourense;Pareja casada, con o sin hijos convivientes;0 hijos conviviendo;31.353
Ourense;Pareja casada, con o sin hijos convivientes;1 hijo conviviendo;20.076
Ourense;Pareja casada, con o sin hijos convivientes;2 o más hijos conviviendo;12.864
Ourense;Pareja casada, con o sin hijos convivientes;0 hijos conviviendo menores de 25 años;43.565
Ourense;Pareja casada, con o sin hijos convivientes;1 hijo conviviendo menor de 25 años;10.457
Ourense;Pareja casada, con o sin hijos convivientes;2 hijos o más conviviendo menores de 25 años;10.271
Ourense;Pareja no casada, con o sin hijos convivientes;0 hijos conviviendo;5.454
Ourense;Pareja no casada, con o sin hijos convivientes;1 hijo conviviendo;3.242
Ourense;Pareja no casada, con o sin hijos convivientes;2 o más hijos conviviendo;1.633
Ourense;Pareja no casada, con o sin hijos convivientes;0 hijos conviviendo menores de 25 años;5.618
Ourense;Pareja no casada, con o sin hijos convivientes;1 hijo conviviendo menor de 25 años;3.078
Ourense;Pareja no casada, con o sin hijos convivientes;2 hijos o más conviviendo menores de 25 años;1.633
Ourense;Padre sólo con hijos convivientes;0 hijos conviviendo;0
Ourense;Padre sólo con hijos convivientes;1 hijo conviviendo;2.198
Ourense;Padre sólo con hijos convivientes;2 o más hijos conviviendo;708
Ourense;Padre sólo con hijos convivientes;0 hijos conviviendo menores de 25 años;1.357
Ourense;Padre sólo con hijos convivientes;1 hijo conviviendo menor de 25 años;1.165
Ourense;Padre sólo con hijos convivientes;2 hijos o más conviviendo menores de 25 años;384
Ourense;Madre sóla con hijos convivientes;0 hijos conviviendo;0
Ourense;Madre sóla con hijos convivientes;1 hijo conviviendo;11.957
Ourense;Madre sóla con hijos convivientes;2 o más hijos conviviendo;2.867
Ourense;Madre sóla con hijos convivientes;0 hijos conviviendo menores de 25 años;8.596
Ourense;Madre sóla con hijos convivientes;1 hijo conviviendo menor de 25 años;5.353
Ourense;Madre sóla con hijos convivientes;2 hijos o más conviviendo menores de 25 años;875
Palencia;Pareja casada, con o sin hijos convivientes;0 hijos conviviendo;13.497
Palencia;Pareja casada, con o sin hijos convivientes;1 hijo conviviendo;9.084
Palencia;Pareja casada, con o sin hijos convivientes;2 o más hijos conviviendo;9.540
Palencia;Pareja casada, con o sin hijos convivientes;0 hijos conviviendo menores de 25 años;19.285
Palencia;Pareja casada, con o sin hijos convivientes;1 hijo conviviendo menor de 25 años;5.725
Palencia;Pareja casada, con o sin hijos convivientes;2 hijos o más conviviendo menores de 25 años;7.111
Palencia;Pareja no casada, con o sin hijos convivientes;0 hijos conviviendo;2.417
Palencia;Pareja no casada, con o sin hijos convivientes;1 hijo conviviendo;1.463
Palencia;Pareja no casada, con o sin hijos convivientes;2 o más hijos conviviendo;959
Palencia;Pareja no casada, con o sin hijos convivientes;0 hijos conviviendo menores de 25 años;2.522
Palencia;Pareja no casada, con o sin hijos convivientes;1 hijo conviviendo menor de 25 años;1.411
Palencia;Pareja no casada, con o sin hijos convivientes;2 hijos o más conviviendo menores de 25 años;906
Palencia;Padre sólo con hijos convivientes;0 hijos conviviendo;0
Palencia;Padre sólo con hijos convivientes;1 hijo conviviendo;1.034
Palencia;Padre sólo con hijos convivientes;2 o más hijos conviviendo;265
Palencia;Padre sólo con hijos convivientes;0 hijos conviviendo menores de 25 años;829
Palencia;Padre sólo con hijos convivientes;1 hijo conviviendo menor de 25 años;299
Palencia;Padre sólo con hijos convivientes;2 hijos o más conviviendo menores de 25 años;170
Palencia;Madre sóla con hijos convivientes;0 hijos conviviendo;0
Palencia;Madre sóla con hijos convivientes;1 hijo conviviendo;4.222
Palencia;Madre sóla con hijos convivientes;2 o más hijos conviviendo;1.828
Palencia;Madre sóla con hijos convivientes;0 hijos conviviendo menores de 25 años;3.301
Palencia;Madre sóla con hijos convivientes;1 hijo conviviendo menor de 25 años;1.600
Palencia;Madre sóla con hijos convivientes;2 hijos o más conviviendo menores de 25 años;1.150
Pontevedra;Pareja casada, con o sin hijos convivientes;0 hijos conviviendo;79.794
Pontevedra;Pareja casada, con o sin hijos convivientes;1 hijo conviviendo;62.948
Pontevedra;Pareja casada, con o sin hijos convivientes;2 o más hijos conviviendo;56.542
Pontevedra;Pareja casada, con o sin hijos convivientes;0 hijos conviviendo menores de 25 años;114.993
Pontevedra;Pareja casada, con o sin hijos convivientes;1 hijo conviviendo menor de 25 años;41.904
Pontevedra;Pareja casada, con o sin hijos convivientes;2 hijos o más conviviendo menores de 25 años;42.388
Pontevedra;Pareja no casada, con o sin hijos convivientes;0 hijos conviviendo;13.696
Pontevedra;Pareja no casada, con o sin hijos convivientes;1 hijo conviviendo;13.027
Pontevedra;Pareja no casada, con o sin hijos convivientes;2 o más hijos conviviendo;6.630
Pontevedra;Pareja no casada, con o sin hijos convivientes;0 hijos conviviendo menores de 25 años;13.912
Pontevedra;Pareja no casada, con o sin hijos convivientes;1 hijo conviviendo menor de 25 años;13.686
Pontevedra;Pareja no casada, con o sin hijos convivientes;2 hijos o más conviviendo menores de 25 años;5.756
Pontevedra;Padre sólo con hijos convivientes;0 hijos conviviendo;0
Pontevedra;Padre sólo con hijos convivientes;1 hijo conviviendo;5.908
Pontevedra;Padre sólo con hijos convivientes;2 o más hijos conviviendo;1.277
Pontevedra;Padre sólo con hijos convivientes;0 hijos conviviendo menores de 25 años;4.585
Pontevedra;Padre sólo con hijos convivientes;1 hijo conviviendo menor de 25 años;1.869
Pontevedra;Padre sólo con hijos convivientes;2 hijos o más conviviendo menores de 25 años;732
Pontevedra;Madre sóla con hijos convivientes;0 hijos conviviendo;0
Pontevedra;Madre sóla con hijos convivientes;1 hijo conviviendo;34.896
Pontevedra;Madre sóla con hijos convivientes;2 o más hijos conviviendo;11.574
Pontevedra;Madre sóla con hijos convivientes;0 hijos conviviendo menores de 25 años;22.751
Pontevedra;Madre sóla con hijos convivientes;1 hijo conviviendo menor de 25 años;16.136
Pontevedra;Madre sóla con hijos convivientes;2 hijos o más conviviendo menores de 25 años;7.583
Rioja, La;Pareja casada, con o sin hijos convivientes;0 hijos conviviendo;26.352
Rioja, La;Pareja casada, con o sin hijos convivientes;1 hijo conviviendo;18.594
Rioja, La;Pareja casada, con o sin hijos convivientes;2 o más hijos conviviendo;21.440
Rioja, La;Pareja casada, con o sin hijos convivientes;0 hijos conviviendo menores de 25 años;35.363
Rioja, La;Pareja casada, con o sin hijos convivientes;1 hijo conviviendo menor de 25 años;12.988
Rioja, La;Pareja casada, con o sin hijos convivientes;2 hijos o más conviviendo menores de 25 años;18.035
Rioja, La;Pareja no casada, con o sin hijos convivientes;0 hijos conviviendo;5.300
Rioja, La;Pareja no casada, con o sin hijos convivientes;1 hijo conviviendo;2.559
Rioja, La;Pareja no casada, con o sin hijos convivientes;2 o más hijos conviviendo;1.736
Rioja, La;Pareja no casada, con o sin hijos convivientes;0 hijos conviviendo menores de 25 años;5.377
Rioja, La;Pareja no casada, con o sin hijos convivientes;1 hijo conviviendo menor de 25 años;2.559
Rioja, La;Pareja no casada, con o sin hijos convivientes;2 hijos o más conviviendo menores de 25 años;1.659
Rioja, La;Padre sólo con hijos convivientes;0 hijos conviviendo;0
Rioja, La;Padre sólo con hijos convivientes;1 hijo conviviendo;2.228
Rioja, La;Padre sólo con hijos convivientes;2 o más hijos conviviendo;697
Rioja, La;Padre sólo con hijos convivientes;0 hijos conviviendo menores de 25 años;1.191
Rioja, La;Padre sólo con hijos convivientes;1 hijo conviviendo menor de 25 años;1.253
Rioja, La;Padre sólo con hijos convivientes;2 hijos o más conviviendo menores de 25 años;482
Rioja, La;Madre sóla con hijos convivientes;0 hijos conviviendo;0
Rioja, La;Madre sóla con hijos convivientes;1 hijo conviviendo;8.280
Rioja, La;Madre sóla con hijos convivientes;2 o más hijos conviviendo;4.379
Rioja, La;Madre sóla con hijos convivientes;0 hijos conviviendo menores de 25 años;5.102
Rioja, La;Madre sóla con hijos convivientes;1 hijo conviviendo menor de 25 años;4.357
Rioja, La;Madre sóla con hijos convivientes;2 hijos o más conviviendo menores de 25 años;3.200
Salamanca;Pareja casada, con o sin hijos convivientes;0 hijos conviviendo;30.307
Salamanca;Pareja casada, con o sin hijos convivientes;1 hijo conviviendo;19.490
Salamanca;Pareja casada, con o sin hijos convivientes;2 o más hijos conviviendo;18.328
Salamanca;Pareja casada, con o sin hijos convivientes;0 hijos conviviendo menores de 25 años;40.672
Salamanca;Pareja casada, con o sin hijos convivientes;1 hijo conviviendo menor de 25 años;12.888
Salamanca;Pareja casada, con o sin hijos convivientes;2 hijos o más conviviendo menores de 25 años;14.565
Salamanca;Pareja no casada, con o sin hijos convivientes;0 hijos conviviendo;4.066
Salamanca;Pareja no casada, con o sin hijos convivientes;1 hijo conviviendo;2.912
Salamanca;Pareja no casada, con o sin hijos convivientes;2 o más hijos conviviendo;1.840
Salamanca;Pareja no casada, con o sin hijos convivientes;0 hijos conviviendo menores de 25 años;4.066
Salamanca;Pareja no casada, con o sin hijos convivientes;1 hijo conviviendo menor de 25 años;2.994
Salamanca;Pareja no casada, con o sin hijos convivientes;2 hijos o más conviviendo menores de 25 años;1.759
Salamanca;Padre sólo con hijos convivientes;0 hijos conviviendo;0
Salamanca;Padre sólo con hijos convivientes;1 hijo conviviendo;2.682
Salamanca;Padre sólo con hijos convivientes;2 o más hijos conviviendo;766
Salamanca;Padre sólo con hijos convivientes;0 hijos conviviendo menores de 25 años;2.061
Salamanca;Padre sólo con hijos convivientes;1 hijo conviviendo menor de 25 años;1.022
Salamanca;Padre sólo con hijos convivientes;2 hijos o más conviviendo menores de 25 años;365
Salamanca;Madre sóla con hijos convivientes;0 hijos conviviendo;0
Salamanca;Madre sóla con hijos convivientes;1 hijo conviviendo;9.900
Salamanca;Madre sóla con hijos convivientes;2 o más hijos conviviendo;4.417
Salamanca;Madre sóla con hijos convivientes;0 hijos conviviendo menores de 25 años;7.579
Salamanca;Madre sóla con hijos convivientes;1 hijo conviviendo menor de 25 años;3.899
Salamanca;Madre sóla con hijos convivientes;2 hijos o más conviviendo menores de 25 años;2.839
Segovia;Pareja casada, con o sin hijos convivientes;0 hijos conviviendo;11.876
Segovia;Pareja casada, con o sin hijos convivientes;1 hijo conviviendo;8.383
Segovia;Pareja casada, con o sin hijos convivientes;2 o más hijos conviviendo;11.268
Segovia;Pareja casada, con o sin hijos convivientes;0 hijos conviviendo menores de 25 años;16.867
Segovia;Pareja casada, con o sin hijos convivientes;1 hijo conviviendo menor de 25 años;6.478
Segovia;Pareja casada, con o sin hijos convivientes;2 hijos o más conviviendo menores de 25 años;8.181
Segovia;Pareja no casada, con o sin hijos convivientes;0 hijos conviviendo;2.348
Segovia;Pareja no casada, con o sin hijos convivientes;1 hijo conviviendo;1.506
Segovia;Pareja no casada, con o sin hijos convivientes;2 o más hijos conviviendo;1.142
Segovia;Pareja no casada, con o sin hijos convivientes;0 hijos conviviendo menores de 25 años;2.410
Segovia;Pareja no casada, con o sin hijos convivientes;1 hijo conviviendo menor de 25 años;1.444
Segovia;Pareja no casada, con o sin hijos convivientes;2 hijos o más conviviendo menores de 25 años;1.142
Segovia;Padre sólo con hijos convivientes;0 hijos conviviendo;0
Segovia;Padre sólo con hijos convivientes;1 hijo conviviendo;1.036
Segovia;Padre sólo con hijos convivientes;2 o más hijos conviviendo;288
Segovia;Padre sólo con hijos convivientes;0 hijos conviviendo menores de 25 años;994
Segovia;Padre sólo con hijos convivientes;1 hijo conviviendo menor de 25 años;116
Segovia;Padre sólo con hijos convivientes;2 hijos o más conviviendo menores de 25 años;214
Segovia;Madre sóla con hijos convivientes;0 hijos conviviendo;0
Segovia;Madre sóla con hijos convivientes;1 hijo conviviendo;4.202
Segovia;Madre sóla con hijos convivientes;2 o más hijos conviviendo;1.930
Segovia;Madre sóla con hijos convivientes;0 hijos conviviendo menores de 25 años;3.262
Segovia;Madre sóla con hijos convivientes;1 hijo conviviendo menor de 25 años;1.645
Segovia;Madre sóla con hijos convivientes;2 hijos o más conviviendo menores de 25 años;1.225
Sevilla;Pareja casada, con o sin hijos convivientes;0 hijos conviviendo;131.590
Sevilla;Pareja casada, con o sin hijos convivientes;1 hijo conviviendo;111.258
Sevilla;Pareja casada, con o sin hijos convivientes;2 o más hijos conviviendo;157.470
Sevilla;Pareja casada, con o sin hijos convivientes;0 hijos conviviendo menores de 25 años;192.169
Sevilla;Pareja casada, con o sin hijos convivientes;1 hijo conviviendo menor de 25 años;81.551
Sevilla;Pareja casada, con o sin hijos convivientes;2 hijos o más conviviendo menores de 25 años;126.598
Sevilla;Pareja no casada, con o sin hijos convivientes;0 hijos conviviendo;30.567
Sevilla;Pareja no casada, con o sin hijos convivientes;1 hijo conviviendo;20.458
Sevilla;Pareja no casada, con o sin hijos convivientes;2 o más hijos conviviendo;18.226
Sevilla;Pareja no casada, con o sin hijos convivientes;0 hijos conviviendo menores de 25 años;30.965
Sevilla;Pareja no casada, con o sin hijos convivientes;1 hijo conviviendo menor de 25 años;20.179
Sevilla;Pareja no casada, con o sin hijos convivientes;2 hijos o más conviviendo menores de 25 años;18.107
Sevilla;Padre sólo con hijos convivientes;0 hijos conviviendo;0
Sevilla;Padre sólo con hijos convivientes;1 hijo conviviendo;9.836
Sevilla;Padre sólo con hijos convivientes;2 o más hijos conviviendo;5.675
Sevilla;Padre sólo con hijos convivientes;0 hijos conviviendo menores de 25 años;5.271
Sevilla;Padre sólo con hijos convivientes;1 hijo conviviendo menor de 25 años;6.883
Sevilla;Padre sólo con hijos convivientes;2 hijos o más conviviendo menores de 25 años;3.357
Sevilla;Madre sóla con hijos convivientes;0 hijos conviviendo;0
Sevilla;Madre sóla con hijos convivientes;1 hijo conviviendo;55.729
Sevilla;Madre sóla con hijos convivientes;2 o más hijos conviviendo;30.490
Sevilla;Madre sóla con hijos convivientes;0 hijos conviviendo menores de 25 años;36.322
Sevilla;Madre sóla con hijos convivientes;1 hijo conviviendo menor de 25 años;28.719
Sevilla;Madre sóla con hijos convivientes;2 hijos o más conviviendo menores de 25 años;21.178
Soria;Pareja casada, con o sin hijos convivientes;0 hijos conviviendo;7.328
Soria;Pareja casada, con o sin hijos convivientes;1 hijo conviviendo;4.833
Soria;Pareja casada, con o sin hijos convivientes;2 o más hijos conviviendo;5.469
Soria;Pareja casada, con o sin hijos convivientes;0 hijos conviviendo menores de 25 años;10.132
Soria;Pareja casada, con o sin hijos convivientes;1 hijo conviviendo menor de 25 años;3.377
Soria;Pareja casada, con o sin hijos convivientes;2 hijos o más conviviendo menores de 25 años;4.121
Soria;Pareja no casada, con o sin hijos convivientes;0 hijos conviviendo;1.224
Soria;Pareja no casada, con o sin hijos convivientes;1 hijo conviviendo;781
Soria;Pareja no casada, con o sin hijos convivientes;2 o más hijos conviviendo;1.173
Soria;Pareja no casada, con o sin hijos convivientes;0 hijos conviviendo menores de 25 años;1.297
Soria;Pareja no casada, con o sin hijos convivientes;1 hijo conviviendo menor de 25 años;762
Soria;Pareja no casada, con o sin hijos convivientes;2 hijos o más conviviendo menores de 25 años;1.120
Soria;Padre sólo con hijos convivientes;0 hijos conviviendo;0
Soria;Padre sólo con hijos convivientes;1 hijo conviviendo;582
Soria;Padre sólo con hijos convivientes;2 o más hijos conviviendo;419
Soria;Padre sólo con hijos convivientes;0 hijos conviviendo menores de 25 años;557
Soria;Padre sólo con hijos convivientes;1 hijo conviviendo menor de 25 años;306
Soria;Padre sólo con hijos convivientes;2 hijos o más conviviendo menores de 25 años;139
Soria;Madre sóla con hijos convivientes;0 hijos conviviendo;0
Soria;Madre sóla con hijos convivientes;1 hijo conviviendo;2.087
Soria;Madre sóla con hijos convivientes;2 o más hijos conviviendo;690
Soria;Madre sóla con hijos convivientes;0 hijos conviviendo menores de 25 años;1.620
Soria;Madre sóla con hijos convivientes;1 hijo conviviendo menor de 25 años;711
Soria;Madre sóla con hijos convivientes;2 hijos o más conviviendo menores de 25 años;446
Tarragona;Pareja casada, con o sin hijos convivientes;0 hijos conviviendo;69.415
Tarragona;Pareja casada, con o sin hijos convivientes;1 hijo conviviendo;45.836
Tarragona;Pareja casada, con o sin hijos convivientes;2 o más hijos conviviendo;51.357
Tarragona;Pareja casada, con o sin hijos convivientes;0 hijos conviviendo menores de 25 años;86.838
Tarragona;Pareja casada, con o sin hijos convivientes;1 hijo conviviendo menor de 25 años;37.322
Tarragona;Pareja casada, con o sin hijos convivientes;2 hijos o más conviviendo menores de 25 años;42.448
Tarragona;Pareja no casada, con o sin hijos convivientes;0 hijos conviviendo;13.900
Tarragona;Pareja no casada, con o sin hijos convivientes;1 hijo conviviendo;12.387
Tarragona;Pareja no casada, con o sin hijos convivientes;2 o más hijos conviviendo;7.098
Tarragona;Pareja no casada, con o sin hijos convivientes;0 hijos conviviendo menores de 25 años;14.123
Tarragona;Pareja no casada, con o sin hijos convivientes;1 hijo conviviendo menor de 25 años;12.827
Tarragona;Pareja no casada, con o sin hijos convivientes;2 hijos o más conviviendo menores de 25 años;6.434
Tarragona;Padre sólo con hijos convivientes;0 hijos conviviendo;0
Tarragona;Padre sólo con hijos convivientes;1 hijo conviviendo;7.607
Tarragona;Padre sólo con hijos convivientes;2 o más hijos conviviendo;2.955
Tarragona;Padre sólo con hijos convivientes;0 hijos conviviendo menores de 25 años;3.948
Tarragona;Padre sólo con hijos convivientes;1 hijo conviviendo menor de 25 años;4.446
Tarragona;Padre sólo con hijos convivientes;2 hijos o más conviviendo menores de 25 años;2.168
Tarragona;Madre sóla con hijos convivientes;0 hijos conviviendo;0
Tarragona;Madre sóla con hijos convivientes;1 hijo conviviendo;22.039
Tarragona;Madre sóla con hijos convivientes;2 o más hijos conviviendo;9.783
Tarragona;Madre sóla con hijos convivientes;0 hijos conviviendo menores de 25 años;13.858
Tarragona;Madre sóla con hijos convivientes;1 hijo conviviendo menor de 25 años;10.442
Tarragona;Madre sóla con hijos convivientes;2 hijos o más conviviendo menores de 25 años;7.523
Teruel;Pareja casada, con o sin hijos convivientes;0 hijos conviviendo;11.725
Teruel;Pareja casada, con o sin hijos convivientes;1 hijo conviviendo;8.276
Teruel;Pareja casada, con o sin hijos convivientes;2 o más hijos conviviendo;9.256
Teruel;Pareja casada, con o sin hijos convivientes;0 hijos conviviendo menores de 25 años;16.191
Teruel;Pareja casada, con o sin hijos convivientes;1 hijo conviviendo menor de 25 años;5.633
Teruel;Pareja casada, con o sin hijos convivientes;2 hijos o más conviviendo menores de 25 años;7.433
Teruel;Pareja no casada, con o sin hijos convivientes;0 hijos conviviendo;1.207
Teruel;Pareja no casada, con o sin hijos convivientes;1 hijo conviviendo;759
Teruel;Pareja no casada, con o sin hijos convivientes;2 o más hijos conviviendo;1.120
Teruel;Pareja no casada, con o sin hijos convivientes;0 hijos conviviendo menores de 25 años;1.252
Teruel;Pareja no casada, con o sin hijos convivientes;1 hijo conviviendo menor de 25 años;714
Teruel;Pareja no casada, con o sin hijos convivientes;2 hijos o más conviviendo menores de 25 años;1.120
Teruel;Padre sólo con hijos convivientes;0 hijos conviviendo;0
Teruel;Padre sólo con hijos convivientes;1 hijo conviviendo;915
Teruel;Padre sólo con hijos convivientes;2 o más hijos conviviendo;327
Teruel;Padre sólo con hijos convivientes;0 hijos conviviendo menores de 25 años;560
Teruel;Padre sólo con hijos convivientes;1 hijo conviviendo menor de 25 años;388
Teruel;Padre sólo con hijos convivientes;2 hijos o más conviviendo menores de 25 años;293
Teruel;Madre sóla con hijos convivientes;0 hijos conviviendo;0
Teruel;Madre sóla con hijos convivientes;1 hijo conviviendo;3.537
Teruel;Madre sóla con hijos convivientes;2 o más hijos conviviendo;866
Teruel;Madre sóla con hijos convivientes;0 hijos conviviendo menores de 25 años;2.406
Teruel;Madre sóla con hijos convivientes;1 hijo conviviendo menor de 25 años;1.466
Teruel;Madre sóla con hijos convivientes;2 hijos o más conviviendo menores de 25 años;530
Toledo;Pareja casada, con o sin hijos convivientes;0 hijos conviviendo;50.351
Toledo;Pareja casada, con o sin hijos convivientes;1 hijo conviviendo;40.283
Toledo;Pareja casada, con o sin hijos convivientes;2 o más hijos conviviendo;56.173
Toledo;Pareja casada, con o sin hijos convivientes;0 hijos conviviendo menores de 25 años;71.776
Toledo;Pareja casada, con o sin hijos convivientes;1 hijo conviviendo menor de 25 años;27.843
Toledo;Pareja casada, con o sin hijos convivientes;2 hijos o más conviviendo menores de 25 años;47.188
Toledo;Pareja no casada, con o sin hijos convivientes;0 hijos conviviendo;12.071
Toledo;Pareja no casada, con o sin hijos convivientes;1 hijo conviviendo;8.771
Toledo;Pareja no casada, con o sin hijos convivientes;2 o más hijos conviviendo;5.839
Toledo;Pareja no casada, con o sin hijos convivientes;0 hijos conviviendo menores de 25 años;12.700
Toledo;Pareja no casada, con o sin hijos convivientes;1 hijo conviviendo menor de 25 años;8.142
Toledo;Pareja no casada, con o sin hijos convivientes;2 hijos o más conviviendo menores de 25 años;5.839
Toledo;Padre sólo con hijos convivientes;0 hijos conviviendo;0
Toledo;Padre sólo con hijos convivientes;1 hijo conviviendo;4.803
Toledo;Padre sólo con hijos convivientes;2 o más hijos conviviendo;1.105
Toledo;Padre sólo con hijos convivientes;0 hijos conviviendo menores de 25 años;2.154
Toledo;Padre sólo con hijos convivientes;1 hijo conviviendo menor de 25 años;3.213
Toledo;Padre sólo con hijos convivientes;2 hijos o más conviviendo menores de 25 años;541
Toledo;Madre sóla con hijos convivientes;0 hijos conviviendo;0
Toledo;Madre sóla con hijos convivientes;1 hijo conviviendo;15.588
Toledo;Madre sóla con hijos convivientes;2 o más hijos conviviendo;6.952
Toledo;Madre sóla con hijos convivientes;0 hijos conviviendo menores de 25 años;10.635
Toledo;Madre sóla con hijos convivientes;1 hijo conviviendo menor de 25 años;7.864
Toledo;Madre sóla con hijos convivientes;2 hijos o más conviviendo menores de 25 años;4.041
Valencia/València;Pareja casada, con o sin hijos convivientes;0 hijos conviviendo;185.367
Valencia/València;Pareja casada, con o sin hijos convivientes;1 hijo conviviendo;155.349
Valencia/València;Pareja casada, con o sin hijos convivientes;2 o más hijos conviviendo;189.701
Valencia/València;Pareja casada, con o sin hijos convivientes;0 hijos conviviendo menores de 25 años;260.199
Valencia/València;Pareja casada, con o sin hijos convivientes;1 hijo conviviendo menor de 25 años;116.857
Valencia/València;Pareja casada, con o sin hijos convivientes;2 hijos o más conviviendo menores de 25 años;153.361
Valencia/València;Pareja no casada, con o sin hijos convivientes;0 hijos conviviendo;40.074
Valencia/València;Pareja no casada, con o sin hijos convivientes;1 hijo conviviendo;25.291
Valencia/València;Pareja no casada, con o sin hijos convivientes;2 o más hijos conviviendo;16.916
Valencia/València;Pareja no casada, con o sin hijos convivientes;0 hijos conviviendo menores de 25 años;41.098
Valencia/València;Pareja no casada, con o sin hijos convivientes;1 hijo conviviendo menor de 25 años;25.185
Valencia/València;Pareja no casada, con o sin hijos convivientes;2 hijos o más conviviendo menores de 25 años;15.998
Valencia/València;Padre sólo con hijos convivientes;0 hijos conviviendo;0
Valencia/València;Padre sólo con hijos convivientes;1 hijo conviviendo;22.000
Valencia/València;Padre sólo con hijos convivientes;2 o más hijos conviviendo;7.882
Valencia/València;Padre sólo con hijos convivientes;0 hijos conviviendo menores de 25 años;12.011
Valencia/València;Padre sólo con hijos convivientes;1 hijo conviviendo menor de 25 años;13.766
Valencia/València;Padre sólo con hijos convivientes;2 hijos o más conviviendo menores de 25 años;4.105
Valencia/València;Madre sóla con hijos convivientes;0 hijos conviviendo;0
Valencia/València;Madre sóla con hijos convivientes;1 hijo conviviendo;74.820
Valencia/València;Madre sóla con hijos convivientes;2 o más hijos conviviendo;31.292
Valencia/València;Madre sóla con hijos convivientes;0 hijos conviviendo menores de 25 años;49.654
Valencia/València;Madre sóla con hijos convivientes;1 hijo conviviendo menor de 25 años;36.493
Valencia/València;Madre sóla con hijos convivientes;2 hijos o más conviviendo menores de 25 años;19.965
Valladolid;Pareja casada, con o sin hijos convivientes;0 hijos conviviendo;46.831
Valladolid;Pareja casada, con o sin hijos convivientes;1 hijo conviviendo;29.580
Valladolid;Pareja casada, con o sin hijos convivientes;2 o más hijos conviviendo;31.911
Valladolid;Pareja casada, con o sin hijos convivientes;0 hijos conviviendo menores de 25 años;60.104
Valladolid;Pareja casada, con o sin hijos convivientes;1 hijo conviviendo menor de 25 años;24.096
Valladolid;Pareja casada, con o sin hijos convivientes;2 hijos o más conviviendo menores de 25 años;24.123
Valladolid;Pareja no casada, con o sin hijos convivientes;0 hijos conviviendo;9.144
Valladolid;Pareja no casada, con o sin hijos convivientes;1 hijo conviviendo;6.652
Valladolid;Pareja no casada, con o sin hijos convivientes;2 o más hijos conviviendo;4.074
Valladolid;Pareja no casada, con o sin hijos convivientes;0 hijos conviviendo menores de 25 años;9.280
Valladolid;Pareja no casada, con o sin hijos convivientes;1 hijo conviviendo menor de 25 años;6.516
Valladolid;Pareja no casada, con o sin hijos convivientes;2 hijos o más conviviendo menores de 25 años;4.074
Valladolid;Padre sólo con hijos convivientes;0 hijos conviviendo;0
Valladolid;Padre sólo con hijos convivientes;1 hijo conviviendo;3.731
Valladolid;Padre sólo con hijos convivientes;2 o más hijos conviviendo;1.090
Valladolid;Padre sólo con hijos convivientes;0 hijos conviviendo menores de 25 años;2.891
Valladolid;Padre sólo con hijos convivientes;1 hijo conviviendo menor de 25 años;1.135
Valladolid;Padre sólo con hijos convivientes;2 hijos o más conviviendo menores de 25 años;796
Valladolid;Madre sóla con hijos convivientes;0 hijos conviviendo;0
Valladolid;Madre sóla con hijos convivientes;1 hijo conviviendo;12.877
Valladolid;Madre sóla con hijos convivientes;2 o más hijos conviviendo;5.991
Valladolid;Madre sóla con hijos convivientes;0 hijos conviviendo menores de 25 años;9.707
Valladolid;Madre sóla con hijos convivientes;1 hijo conviviendo menor de 25 años;5.826
Valladolid;Madre sóla con hijos convivientes;2 hijos o más conviviendo menores de 25 años;3.334
Zamora;Pareja casada, con o sin hijos convivientes;0 hijos conviviendo;16.874
Zamora;Pareja casada, con o sin hijos convivientes;1 hijo conviviendo;10.956
Zamora;Pareja casada, con o sin hijos convivientes;2 o más hijos conviviendo;8.868
Zamora;Pareja casada, con o sin hijos convivientes;0 hijos conviviendo menores de 25 años;23.787
Zamora;Pareja casada, con o sin hijos convivientes;1 hijo conviviendo menor de 25 años;6.529
Zamora;Pareja casada, con o sin hijos convivientes;2 hijos o más conviviendo menores de 25 años;6.383
Zamora;Pareja no casada, con o sin hijos convivientes;0 hijos conviviendo;2.153
Zamora;Pareja no casada, con o sin hijos convivientes;1 hijo conviviendo;1.483
Zamora;Pareja no casada, con o sin hijos convivientes;2 o más hijos conviviendo;676
Zamora;Pareja no casada, con o sin hijos convivientes;0 hijos conviviendo menores de 25 años;2.191
Zamora;Pareja no casada, con o sin hijos convivientes;1 hijo conviviendo menor de 25 años;1.483
Zamora;Pareja no casada, con o sin hijos convivientes;2 hijos o más conviviendo menores de 25 años;638
Zamora;Padre sólo con hijos convivientes;0 hijos conviviendo;0
Zamora;Padre sólo con hijos convivientes;1 hijo conviviendo;1.629
Zamora;Padre sólo con hijos convivientes;2 o más hijos conviviendo;367
Zamora;Padre sólo con hijos convivientes;0 hijos conviviendo menores de 25 años;1.236
Zamora;Padre sólo con hijos convivientes;1 hijo conviviendo menor de 25 años;573
Zamora;Padre sólo con hijos convivientes;2 hijos o más conviviendo menores de 25 años;187
Zamora;Madre sóla con hijos convivientes;0 hijos conviviendo;0
Zamora;Madre sóla con hijos convivientes;1 hijo conviviendo;4.748
Zamora;Madre sóla con hijos convivientes;2 o más hijos conviviendo;1.458
Zamora;Madre sóla con hijos convivientes;0 hijos conviviendo menores de 25 años;3.456
Zamora;Madre sóla con hijos convivientes;1 hijo conviviendo menor de 25 años;1.803
Zamora;Madre sóla con hijos convivientes;2 hijos o más conviviendo menores de 25 años;946
Zaragoza;Pareja casada, con o sin hijos convivientes;0 hijos conviviendo;73.547
Zaragoza;Pareja casada, con o sin hijos convivientes;1 hijo conviviendo;57.614
Zaragoza;Pareja casada, con o sin hijos convivientes;2 o más hijos conviviendo;63.713
Zaragoza;Pareja casada, con o sin hijos convivientes;0 hijos conviviendo menores de 25 años;100.520
Zaragoza;Pareja casada, con o sin hijos convivientes;1 hijo conviviendo menor de 25 años;42.297
Zaragoza;Pareja casada, con o sin hijos convivientes;2 hijos o más conviviendo menores de 25 años;52.058
Zaragoza;Pareja no casada, con o sin hijos convivientes;0 hijos conviviendo;20.418
Zaragoza;Pareja no casada, con o sin hijos convivientes;1 hijo conviviendo;8.495
Zaragoza;Pareja no casada, con o sin hijos convivientes;2 o más hijos conviviendo;6.617
Zaragoza;Pareja no casada, con o sin hijos convivientes;0 hijos conviviendo menores de 25 años;20.714
Zaragoza;Pareja no casada, con o sin hijos convivientes;1 hijo conviviendo menor de 25 años;8.199
Zaragoza;Pareja no casada, con o sin hijos convivientes;2 hijos o más conviviendo menores de 25 años;6.617
Zaragoza;Padre sólo con hijos convivientes;0 hijos conviviendo;0
Zaragoza;Padre sólo con hijos convivientes;1 hijo conviviendo;7.373
Zaragoza;Padre sólo con hijos convivientes;2 o más hijos conviviendo;1.977
Zaragoza;Padre sólo con hijos convivientes;0 hijos conviviendo menores de 25 años;4.330
Zaragoza;Padre sólo con hijos convivientes;1 hijo conviviendo menor de 25 años;3.593
Zaragoza;Padre sólo con hijos convivientes;2 hijos o más conviviendo menores de 25 años;1.427
Zaragoza;Madre sóla con hijos convivientes;0 hijos conviviendo;0
Zaragoza;Madre sóla con hijos convivientes;1 hijo conviviendo;25.354
Zaragoza;Madre sóla con hijos convivientes;2 o más hijos conviviendo;10.676
Zaragoza;Madre sóla con hijos convivientes;0 hijos conviviendo menores de 25 años;14.526
Zaragoza;Madre sóla con hijos convivientes;1 hijo conviviendo menor de 25 años;13.983
Zaragoza;Madre sóla con hijos convivientes;2 hijos o más conviviendo menores de 25 años;7.521
