Total Nacional;Comunidades y Ciudades Autónomas;Provincias;Municipios;Consumo eléctrico;Total
Total Nacional;;;;Viviendas totales;26.623.708
Total Nacional;;;;Viviendas vacías;3.837.328
Total Nacional;;;;Mediana consumo anual;2.196
Total Nacional;;;;Viviendas con bajo consumo;943.924
Total Nacional;;;;Viviendas de uso esporádico;2.514.511
Total Nacional;;;;Viviendas de uso esporádico (entre 251 y 500 kwh);1.266.122
Total Nacional;;;;Viviendas de uso esporádico (entre 501 y 750 kwh);1.248.389
Total Nacional;;;;Viviendas con cosumo entre 751 y 1.000 kwh;1.329.191
Total Nacional;;;;Viviendas con cosumo entre 1.001 y 2.000 kwh;5.950.705
Total Nacional;;;;Viviendas con cosumo entre 2.001 y 3.000 kwh;4.965.393
Total Nacional;;;;Viviendas con cosumo entre 3.001 y 4.000 kwh;3.022.218
Total Nacional;;;;Viviendas con cosumo entre 4.001 y 5.000 kwh;1.649.265
Total Nacional;;;;Viviendas con cosumo entre 5.001 y 6.000 kwh;894.804
Total Nacional;;;;Viviendas con cosumo entre 6.001 y 7.000 kwh;504.256
Total Nacional;;;;Viviendas con cosumo entre 7.001 y 8.000 kwh;301.313
Total Nacional;;;;Viviendas con cosumo entre 8.001 y 9.000 kwh;190.638
Total Nacional;;;;Viviendas con cosumo entre 9.001 y 10.000 kwh;128.538
Total Nacional;;;;Viviendas con consumo mayor de 10.000 kwh;391.624
Total Nacional;01 Andalucía;04 Almería;;Viviendas totales;433.763
Total Nacional;01 Andalucía;04 Almería;;Viviendas vacías;73.028
Total Nacional;01 Andalucía;04 Almería;;Mediana consumo anual;2.333
Total Nacional;01 Andalucía;04 Almería;;Viviendas con bajo consumo;16.125
Total Nacional;01 Andalucía;04 Almería;;Viviendas de uso esporádico;45.695
Total Nacional;01 Andalucía;04 Almería;;Viviendas de uso esporádico (entre 251 y 500 kwh);23.258
Total Nacional;01 Andalucía;04 Almería;;Viviendas de uso esporádico (entre 501 y 750 kwh);22.437
Total Nacional;01 Andalucía;04 Almería;;Viviendas con cosumo entre 751 y 1.000 kwh;21.075
Total Nacional;01 Andalucía;04 Almería;;Viviendas con cosumo entre 1.001 y 2.000 kwh;80.183
Total Nacional;01 Andalucía;04 Almería;;Viviendas con cosumo entre 2.001 y 3.000 kwh;71.363
Total Nacional;01 Andalucía;04 Almería;;Viviendas con cosumo entre 3.001 y 4.000 kwh;52.873
Total Nacional;01 Andalucía;04 Almería;;Viviendas con cosumo entre 4.001 y 5.000 kwh;32.584
Total Nacional;01 Andalucía;04 Almería;;Viviendas con cosumo entre 5.001 y 6.000 kwh;17.619
Total Nacional;01 Andalucía;04 Almería;;Viviendas con cosumo entre 6.001 y 7.000 kwh;9.271
Total Nacional;01 Andalucía;04 Almería;;Viviendas con cosumo entre 7.001 y 8.000 kwh;4.862
Total Nacional;01 Andalucía;04 Almería;;Viviendas con cosumo entre 8.001 y 9.000 kwh;2.718
Total Nacional;01 Andalucía;04 Almería;;Viviendas con cosumo entre 9.001 y 10.000 kwh;1.712
Total Nacional;01 Andalucía;04 Almería;;Viviendas con consumo mayor de 10.000 kwh;4.655
Total Nacional;01 Andalucía;11 Cádiz;;Viviendas totales;648.306
Total Nacional;01 Andalucía;11 Cádiz;;Viviendas vacías;70.164
Total Nacional;01 Andalucía;11 Cádiz;;Mediana consumo anual;2.232
Total Nacional;01 Andalucía;11 Cádiz;;Viviendas con bajo consumo;18.119
Total Nacional;01 Andalucía;11 Cádiz;;Viviendas de uso esporádico;64.017
Total Nacional;01 Andalucía;11 Cádiz;;Viviendas de uso esporádico (entre 251 y 500 kwh);30.656
Total Nacional;01 Andalucía;11 Cádiz;;Viviendas de uso esporádico (entre 501 y 750 kwh);33.361
Total Nacional;01 Andalucía;11 Cádiz;;Viviendas con cosumo entre 751 y 1.000 kwh;34.399
Total Nacional;01 Andalucía;11 Cádiz;;Viviendas con cosumo entre 1.001 y 2.000 kwh;147.254
Total Nacional;01 Andalucía;11 Cádiz;;Viviendas con cosumo entre 2.001 y 3.000 kwh;136.273
Total Nacional;01 Andalucía;11 Cádiz;;Viviendas con cosumo entre 3.001 y 4.000 kwh;85.026
Total Nacional;01 Andalucía;11 Cádiz;;Viviendas con cosumo entre 4.001 y 5.000 kwh;42.557
Total Nacional;01 Andalucía;11 Cádiz;;Viviendas con cosumo entre 5.001 y 6.000 kwh;20.878
Total Nacional;01 Andalucía;11 Cádiz;;Viviendas con cosumo entre 6.001 y 7.000 kwh;10.697
Total Nacional;01 Andalucía;11 Cádiz;;Viviendas con cosumo entre 7.001 y 8.000 kwh;6.013
Total Nacional;01 Andalucía;11 Cádiz;;Viviendas con cosumo entre 8.001 y 9.000 kwh;3.506
Total Nacional;01 Andalucía;11 Cádiz;;Viviendas con cosumo entre 9.001 y 10.000 kwh;2.369
Total Nacional;01 Andalucía;11 Cádiz;;Viviendas con consumo mayor de 10.000 kwh;7.034
Total Nacional;01 Andalucía;14 Córdoba;;Viviendas totales;414.025
Total Nacional;01 Andalucía;14 Córdoba;;Viviendas vacías;53.336
Total Nacional;01 Andalucía;14 Córdoba;;Mediana consumo anual;2.969
Total Nacional;01 Andalucía;14 Córdoba;;Viviendas con bajo consumo;10.696
Total Nacional;01 Andalucía;14 Córdoba;;Viviendas de uso esporádico;30.208
Total Nacional;01 Andalucía;14 Córdoba;;Viviendas de uso esporádico (entre 251 y 500 kwh);15.705
Total Nacional;01 Andalucía;14 Córdoba;;Viviendas de uso esporádico (entre 501 y 750 kwh);14.503
Total Nacional;01 Andalucía;14 Córdoba;;Viviendas con cosumo entre 751 y 1.000 kwh;14.353
Total Nacional;01 Andalucía;14 Córdoba;;Viviendas con cosumo entre 1.001 y 2.000 kwh;62.809
Total Nacional;01 Andalucía;14 Córdoba;;Viviendas con cosumo entre 2.001 y 3.000 kwh;69.761
Total Nacional;01 Andalucía;14 Córdoba;;Viviendas con cosumo entre 3.001 y 4.000 kwh;61.795
Total Nacional;01 Andalucía;14 Córdoba;;Viviendas con cosumo entre 4.001 y 5.000 kwh;44.054
Total Nacional;01 Andalucía;14 Córdoba;;Viviendas con cosumo entre 5.001 y 6.000 kwh;27.478
Total Nacional;01 Andalucía;14 Córdoba;;Viviendas con cosumo entre 6.001 y 7.000 kwh;15.728
Total Nacional;01 Andalucía;14 Córdoba;;Viviendas con cosumo entre 7.001 y 8.000 kwh;9.010
Total Nacional;01 Andalucía;14 Córdoba;;Viviendas con cosumo entre 8.001 y 9.000 kwh;4.938
Total Nacional;01 Andalucía;14 Córdoba;;Viviendas con cosumo entre 9.001 y 10.000 kwh;2.977
Total Nacional;01 Andalucía;14 Córdoba;;Viviendas con consumo mayor de 10.000 kwh;6.882
Total Nacional;01 Andalucía;18 Granada;;Viviendas totales;573.692
Total Nacional;01 Andalucía;18 Granada;;Viviendas vacías;90.538
Total Nacional;01 Andalucía;18 Granada;;Mediana consumo anual;2.356
Total Nacional;01 Andalucía;18 Granada;;Viviendas con bajo consumo;22.156
Total Nacional;01 Andalucía;18 Granada;;Viviendas de uso esporádico;57.231
Total Nacional;01 Andalucía;18 Granada;;Viviendas de uso esporádico (entre 251 y 500 kwh);29.553
Total Nacional;01 Andalucía;18 Granada;;Viviendas de uso esporádico (entre 501 y 750 kwh);27.678
Total Nacional;01 Andalucía;18 Granada;;Viviendas con cosumo entre 751 y 1.000 kwh;26.848
Total Nacional;01 Andalucía;18 Granada;;Viviendas con cosumo entre 1.001 y 2.000 kwh;109.417
Total Nacional;01 Andalucía;18 Granada;;Viviendas con cosumo entre 2.001 y 3.000 kwh;96.712
Total Nacional;01 Andalucía;18 Granada;;Viviendas con cosumo entre 3.001 y 4.000 kwh;69.667
Total Nacional;01 Andalucía;18 Granada;;Viviendas con cosumo entre 4.001 y 5.000 kwh;42.873
Total Nacional;01 Andalucía;18 Granada;;Viviendas con cosumo entre 5.001 y 6.000 kwh;24.254
Total Nacional;01 Andalucía;18 Granada;;Viviendas con cosumo entre 6.001 y 7.000 kwh;12.981
Total Nacional;01 Andalucía;18 Granada;;Viviendas con cosumo entre 7.001 y 8.000 kwh;7.235
Total Nacional;01 Andalucía;18 Granada;;Viviendas con cosumo entre 8.001 y 9.000 kwh;4.267
Total Nacional;01 Andalucía;18 Granada;;Viviendas con cosumo entre 9.001 y 10.000 kwh;2.685
Total Nacional;01 Andalucía;18 Granada;;Viviendas con consumo mayor de 10.000 kwh;6.828
Total Nacional;01 Andalucía;21 Huelva;;Viviendas totales;320.045
Total Nacional;01 Andalucía;21 Huelva;;Viviendas vacías;41.907
Total Nacional;01 Andalucía;21 Huelva;;Mediana consumo anual;2.023
Total Nacional;01 Andalucía;21 Huelva;;Viviendas con bajo consumo;13.853
Total Nacional;01 Andalucía;21 Huelva;;Viviendas de uso esporádico;44.678
Total Nacional;01 Andalucía;21 Huelva;;Viviendas de uso esporádico (entre 251 y 500 kwh);22.312
Total Nacional;01 Andalucía;21 Huelva;;Viviendas de uso esporádico (entre 501 y 750 kwh);22.366
Total Nacional;01 Andalucía;21 Huelva;;Viviendas con cosumo entre 751 y 1.000 kwh;19.322
Total Nacional;01 Andalucía;21 Huelva;;Viviendas con cosumo entre 1.001 y 2.000 kwh;66.810
Total Nacional;01 Andalucía;21 Huelva;;Viviendas con cosumo entre 2.001 y 3.000 kwh;57.140
Total Nacional;01 Andalucía;21 Huelva;;Viviendas con cosumo entre 3.001 y 4.000 kwh;37.559
Total Nacional;01 Andalucía;21 Huelva;;Viviendas con cosumo entre 4.001 y 5.000 kwh;18.986
Total Nacional;01 Andalucía;21 Huelva;;Viviendas con cosumo entre 5.001 y 6.000 kwh;8.854
Total Nacional;01 Andalucía;21 Huelva;;Viviendas con cosumo entre 6.001 y 7.000 kwh;4.144
Total Nacional;01 Andalucía;21 Huelva;;Viviendas con cosumo entre 7.001 y 8.000 kwh;2.162
Total Nacional;01 Andalucía;21 Huelva;;Viviendas con cosumo entre 8.001 y 9.000 kwh;1.276
Total Nacional;01 Andalucía;21 Huelva;;Viviendas con cosumo entre 9.001 y 10.000 kwh;771
Total Nacional;01 Andalucía;21 Huelva;;Viviendas con consumo mayor de 10.000 kwh;2.583
Total Nacional;01 Andalucía;23 Jaén;;Viviendas totales;373.720
Total Nacional;01 Andalucía;23 Jaén;;Viviendas vacías;62.501
Total Nacional;01 Andalucía;23 Jaén;;Mediana consumo anual;2.839
Total Nacional;01 Andalucía;23 Jaén;;Viviendas con bajo consumo;12.287
Total Nacional;01 Andalucía;23 Jaén;;Viviendas de uso esporádico;31.175
Total Nacional;01 Andalucía;23 Jaén;;Viviendas de uso esporádico (entre 251 y 500 kwh);16.493
Total Nacional;01 Andalucía;23 Jaén;;Viviendas de uso esporádico (entre 501 y 750 kwh);14.682
Total Nacional;01 Andalucía;23 Jaén;;Viviendas con cosumo entre 751 y 1.000 kwh;13.833
Total Nacional;01 Andalucía;23 Jaén;;Viviendas con cosumo entre 1.001 y 2.000 kwh;55.589
Total Nacional;01 Andalucía;23 Jaén;;Viviendas con cosumo entre 2.001 y 3.000 kwh;57.761
Total Nacional;01 Andalucía;23 Jaén;;Viviendas con cosumo entre 3.001 y 4.000 kwh;49.832
Total Nacional;01 Andalucía;23 Jaén;;Viviendas con cosumo entre 4.001 y 5.000 kwh;35.806
Total Nacional;01 Andalucía;23 Jaén;;Viviendas con cosumo entre 5.001 y 6.000 kwh;22.301
Total Nacional;01 Andalucía;23 Jaén;;Viviendas con cosumo entre 6.001 y 7.000 kwh;13.174
Total Nacional;01 Andalucía;23 Jaén;;Viviendas con cosumo entre 7.001 y 8.000 kwh;7.342
Total Nacional;01 Andalucía;23 Jaén;;Viviendas con cosumo entre 8.001 y 9.000 kwh;4.100
Total Nacional;01 Andalucía;23 Jaén;;Viviendas con cosumo entre 9.001 y 10.000 kwh;2.463
Total Nacional;01 Andalucía;23 Jaén;;Viviendas con consumo mayor de 10.000 kwh;5.556
Total Nacional;01 Andalucía;29 Málaga;;Viviendas totales;996.557
Total Nacional;01 Andalucía;29 Málaga;;Viviendas vacías;152.774
Total Nacional;01 Andalucía;29 Málaga;;Mediana consumo anual;2.353
Total Nacional;01 Andalucía;29 Málaga;;Viviendas con bajo consumo;29.160
Total Nacional;01 Andalucía;29 Málaga;;Viviendas de uso esporádico;89.731
Total Nacional;01 Andalucía;29 Málaga;;Viviendas de uso esporádico (entre 251 y 500 kwh);44.857
Total Nacional;01 Andalucía;29 Málaga;;Viviendas de uso esporádico (entre 501 y 750 kwh);44.874
Total Nacional;01 Andalucía;29 Málaga;;Viviendas con cosumo entre 751 y 1.000 kwh;46.195
Total Nacional;01 Andalucía;29 Málaga;;Viviendas con cosumo entre 1.001 y 2.000 kwh;201.833
Total Nacional;01 Andalucía;29 Málaga;;Viviendas con cosumo entre 2.001 y 3.000 kwh;181.536
Total Nacional;01 Andalucía;29 Málaga;;Viviendas con cosumo entre 3.001 y 4.000 kwh;123.428
Total Nacional;01 Andalucía;29 Málaga;;Viviendas con cosumo entre 4.001 y 5.000 kwh;71.714
Total Nacional;01 Andalucía;29 Málaga;;Viviendas con cosumo entre 5.001 y 6.000 kwh;38.848
Total Nacional;01 Andalucía;29 Málaga;;Viviendas con cosumo entre 6.001 y 7.000 kwh;21.304
Total Nacional;01 Andalucía;29 Málaga;;Viviendas con cosumo entre 7.001 y 8.000 kwh;12.469
Total Nacional;01 Andalucía;29 Málaga;;Viviendas con cosumo entre 8.001 y 9.000 kwh;7.615
Total Nacional;01 Andalucía;29 Málaga;;Viviendas con cosumo entre 9.001 y 10.000 kwh;5.038
Total Nacional;01 Andalucía;29 Málaga;;Viviendas con consumo mayor de 10.000 kwh;14.912
Total Nacional;01 Andalucía;41 Sevilla;;Viviendas totales;912.899
Total Nacional;01 Andalucía;41 Sevilla;;Viviendas vacías;97.189
Total Nacional;01 Andalucía;41 Sevilla;;Mediana consumo anual;2.858
Total Nacional;01 Andalucía;41 Sevilla;;Viviendas con bajo consumo;15.806
Total Nacional;01 Andalucía;41 Sevilla;;Viviendas de uso esporádico;53.159
Total Nacional;01 Andalucía;41 Sevilla;;Viviendas de uso esporádico (entre 251 y 500 kwh);25.832
Total Nacional;01 Andalucía;41 Sevilla;;Viviendas de uso esporádico (entre 501 y 750 kwh);27.327
Total Nacional;01 Andalucía;41 Sevilla;;Viviendas con cosumo entre 751 y 1.000 kwh;30.307
Total Nacional;01 Andalucía;41 Sevilla;;Viviendas con cosumo entre 1.001 y 2.000 kwh;157.381
Total Nacional;01 Andalucía;41 Sevilla;;Viviendas con cosumo entre 2.001 y 3.000 kwh;184.883
Total Nacional;01 Andalucía;41 Sevilla;;Viviendas con cosumo entre 3.001 y 4.000 kwh;154.796
Total Nacional;01 Andalucía;41 Sevilla;;Viviendas con cosumo entre 4.001 y 5.000 kwh;98.181
Total Nacional;01 Andalucía;41 Sevilla;;Viviendas con cosumo entre 5.001 y 6.000 kwh;53.444
Total Nacional;01 Andalucía;41 Sevilla;;Viviendas con cosumo entre 6.001 y 7.000 kwh;27.914
Total Nacional;01 Andalucía;41 Sevilla;;Viviendas con cosumo entre 7.001 y 8.000 kwh;14.586
Total Nacional;01 Andalucía;41 Sevilla;;Viviendas con cosumo entre 8.001 y 9.000 kwh;8.109
Total Nacional;01 Andalucía;41 Sevilla;;Viviendas con cosumo entre 9.001 y 10.000 kwh;5.002
Total Nacional;01 Andalucía;41 Sevilla;;Viviendas con consumo mayor de 10.000 kwh;12.142
Total Nacional;02 Aragón;22 Huesca;;Viviendas totales;171.843
Total Nacional;02 Aragón;22 Huesca;;Viviendas vacías;29.579
Total Nacional;02 Aragón;22 Huesca;;Mediana consumo anual;1.747
Total Nacional;02 Aragón;22 Huesca;;Viviendas con bajo consumo;11.922
Total Nacional;02 Aragón;22 Huesca;;Viviendas de uso esporádico;27.057
Total Nacional;02 Aragón;22 Huesca;;Viviendas de uso esporádico (entre 251 y 500 kwh);14.684
Total Nacional;02 Aragón;22 Huesca;;Viviendas de uso esporádico (entre 501 y 750 kwh);12.373
Total Nacional;02 Aragón;22 Huesca;;Viviendas con cosumo entre 751 y 1.000 kwh;10.551
Total Nacional;02 Aragón;22 Huesca;;Viviendas con cosumo entre 1.001 y 2.000 kwh;36.029
Total Nacional;02 Aragón;22 Huesca;;Viviendas con cosumo entre 2.001 y 3.000 kwh;25.748
Total Nacional;02 Aragón;22 Huesca;;Viviendas con cosumo entre 3.001 y 4.000 kwh;13.818
Total Nacional;02 Aragón;22 Huesca;;Viviendas con cosumo entre 4.001 y 5.000 kwh;6.866
Total Nacional;02 Aragón;22 Huesca;;Viviendas con cosumo entre 5.001 y 6.000 kwh;3.486
Total Nacional;02 Aragón;22 Huesca;;Viviendas con cosumo entre 6.001 y 7.000 kwh;1.971
Total Nacional;02 Aragón;22 Huesca;;Viviendas con cosumo entre 7.001 y 8.000 kwh;1.306
Total Nacional;02 Aragón;22 Huesca;;Viviendas con cosumo entre 8.001 y 9.000 kwh;896
Total Nacional;02 Aragón;22 Huesca;;Viviendas con cosumo entre 9.001 y 10.000 kwh;604
Total Nacional;02 Aragón;22 Huesca;;Viviendas con consumo mayor de 10.000 kwh;2.010
Total Nacional;02 Aragón;44 Teruel;;Viviendas totales;125.711
Total Nacional;02 Aragón;44 Teruel;;Viviendas vacías;33.127
Total Nacional;02 Aragón;44 Teruel;;Mediana consumo anual;1.639
Total Nacional;02 Aragón;44 Teruel;;Viviendas con bajo consumo;11.470
Total Nacional;02 Aragón;44 Teruel;;Viviendas de uso esporádico;19.125
Total Nacional;02 Aragón;44 Teruel;;Viviendas de uso esporádico (entre 251 y 500 kwh);10.876
Total Nacional;02 Aragón;44 Teruel;;Viviendas de uso esporádico (entre 501 y 750 kwh);8.249
Total Nacional;02 Aragón;44 Teruel;;Viviendas con cosumo entre 751 y 1.000 kwh;6.652
Total Nacional;02 Aragón;44 Teruel;;Viviendas con cosumo entre 1.001 y 2.000 kwh;21.849
Total Nacional;02 Aragón;44 Teruel;;Viviendas con cosumo entre 2.001 y 3.000 kwh;14.915
Total Nacional;02 Aragón;44 Teruel;;Viviendas con cosumo entre 3.001 y 4.000 kwh;7.938
Total Nacional;02 Aragón;44 Teruel;;Viviendas con cosumo entre 4.001 y 5.000 kwh;3.739
Total Nacional;02 Aragón;44 Teruel;;Viviendas con cosumo entre 5.001 y 6.000 kwh;1.974
Total Nacional;02 Aragón;44 Teruel;;Viviendas con cosumo entre 6.001 y 7.000 kwh;1.165
Total Nacional;02 Aragón;44 Teruel;;Viviendas con cosumo entre 7.001 y 8.000 kwh;819
Total Nacional;02 Aragón;44 Teruel;;Viviendas con cosumo entre 8.001 y 9.000 kwh;622
Total Nacional;02 Aragón;44 Teruel;;Viviendas con cosumo entre 9.001 y 10.000 kwh;490
Total Nacional;02 Aragón;44 Teruel;;Viviendas con consumo mayor de 10.000 kwh;1.826
Total Nacional;02 Aragón;50 Zaragoza;;Viviendas totales;543.799
Total Nacional;02 Aragón;50 Zaragoza;;Viviendas vacías;67.164
Total Nacional;02 Aragón;50 Zaragoza;;Mediana consumo anual;2.027
Total Nacional;02 Aragón;50 Zaragoza;;Viviendas con bajo consumo;16.384
Total Nacional;02 Aragón;50 Zaragoza;;Viviendas de uso esporádico;45.709
Total Nacional;02 Aragón;50 Zaragoza;;Viviendas de uso esporádico (entre 251 y 500 kwh);21.850
Total Nacional;02 Aragón;50 Zaragoza;;Viviendas de uso esporádico (entre 501 y 750 kwh);23.859
Total Nacional;02 Aragón;50 Zaragoza;;Viviendas con cosumo entre 751 y 1.000 kwh;29.407
Total Nacional;02 Aragón;50 Zaragoza;;Viviendas con cosumo entre 1.001 y 2.000 kwh;151.123
Total Nacional;02 Aragón;50 Zaragoza;;Viviendas con cosumo entre 2.001 y 3.000 kwh;118.131
Total Nacional;02 Aragón;50 Zaragoza;;Viviendas con cosumo entre 3.001 y 4.000 kwh;58.005
Total Nacional;02 Aragón;50 Zaragoza;;Viviendas con cosumo entre 4.001 y 5.000 kwh;25.649
Total Nacional;02 Aragón;50 Zaragoza;;Viviendas con cosumo entre 5.001 y 6.000 kwh;11.972
Total Nacional;02 Aragón;50 Zaragoza;;Viviendas con cosumo entre 6.001 y 7.000 kwh;6.417
Total Nacional;02 Aragón;50 Zaragoza;;Viviendas con cosumo entre 7.001 y 8.000 kwh;4.007
Total Nacional;02 Aragón;50 Zaragoza;;Viviendas con cosumo entre 8.001 y 9.000 kwh;2.595
Total Nacional;02 Aragón;50 Zaragoza;;Viviendas con cosumo entre 9.001 y 10.000 kwh;1.827
Total Nacional;02 Aragón;50 Zaragoza;;Viviendas con consumo mayor de 10.000 kwh;5.409
Total Nacional;03 Asturias, Principado de;33 Asturias;;Viviendas totales;674.342
Total Nacional;03 Asturias, Principado de;33 Asturias;;Viviendas vacías;100.646
Total Nacional;03 Asturias, Principado de;33 Asturias;;Mediana consumo anual;1.792
Total Nacional;03 Asturias, Principado de;33 Asturias;;Viviendas con bajo consumo;27.516
Total Nacional;03 Asturias, Principado de;33 Asturias;;Viviendas de uso esporádico;77.587
Total Nacional;03 Asturias, Principado de;33 Asturias;;Viviendas de uso esporádico (entre 251 y 500 kwh);37.927
Total Nacional;03 Asturias, Principado de;33 Asturias;;Viviendas de uso esporádico (entre 501 y 750 kwh);39.660
Total Nacional;03 Asturias, Principado de;33 Asturias;;Viviendas con cosumo entre 751 y 1.000 kwh;43.961
Total Nacional;03 Asturias, Principado de;33 Asturias;;Viviendas con cosumo entre 1.001 y 2.000 kwh;187.005
Total Nacional;03 Asturias, Principado de;33 Asturias;;Viviendas con cosumo entre 2.001 y 3.000 kwh;116.896
Total Nacional;03 Asturias, Principado de;33 Asturias;;Viviendas con cosumo entre 3.001 y 4.000 kwh;53.055
Total Nacional;03 Asturias, Principado de;33 Asturias;;Viviendas con cosumo entre 4.001 y 5.000 kwh;26.587
Total Nacional;03 Asturias, Principado de;33 Asturias;;Viviendas con cosumo entre 5.001 y 6.000 kwh;14.546
Total Nacional;03 Asturias, Principado de;33 Asturias;;Viviendas con cosumo entre 6.001 y 7.000 kwh;8.793
Total Nacional;03 Asturias, Principado de;33 Asturias;;Viviendas con cosumo entre 7.001 y 8.000 kwh;5.409
Total Nacional;03 Asturias, Principado de;33 Asturias;;Viviendas con cosumo entre 8.001 y 9.000 kwh;3.440
Total Nacional;03 Asturias, Principado de;33 Asturias;;Viviendas con cosumo entre 9.001 y 10.000 kwh;2.369
Total Nacional;03 Asturias, Principado de;33 Asturias;;Viviendas con consumo mayor de 10.000 kwh;6.532
Total Nacional;04 Balears, Illes;07 Balears, Illes;;Viviendas totales;652.123
Total Nacional;04 Balears, Illes;07 Balears, Illes;;Viviendas vacías;105.434
Total Nacional;04 Balears, Illes;07 Balears, Illes;;Mediana consumo anual;2.869
Total Nacional;04 Balears, Illes;07 Balears, Illes;;Viviendas con bajo consumo;13.483
Total Nacional;04 Balears, Illes;07 Balears, Illes;;Viviendas de uso esporádico;44.815
Total Nacional;04 Balears, Illes;07 Balears, Illes;;Viviendas de uso esporádico (entre 251 y 500 kwh);22.973
Total Nacional;04 Balears, Illes;07 Balears, Illes;;Viviendas de uso esporádico (entre 501 y 750 kwh);21.842
Total Nacional;04 Balears, Illes;07 Balears, Illes;;Viviendas con cosumo entre 751 y 1.000 kwh;22.407
Total Nacional;04 Balears, Illes;07 Balears, Illes;;Viviendas con cosumo entre 1.001 y 2.000 kwh;104.494
Total Nacional;04 Balears, Illes;07 Balears, Illes;;Viviendas con cosumo entre 2.001 y 3.000 kwh;108.298
Total Nacional;04 Balears, Illes;07 Balears, Illes;;Viviendas con cosumo entre 3.001 y 4.000 kwh;86.178
Total Nacional;04 Balears, Illes;07 Balears, Illes;;Viviendas con cosumo entre 4.001 y 5.000 kwh;58.844
Total Nacional;04 Balears, Illes;07 Balears, Illes;;Viviendas con cosumo entre 5.001 y 6.000 kwh;37.448
Total Nacional;04 Balears, Illes;07 Balears, Illes;;Viviendas con cosumo entre 6.001 y 7.000 kwh;23.133
Total Nacional;04 Balears, Illes;07 Balears, Illes;;Viviendas con cosumo entre 7.001 y 8.000 kwh;14.636
Total Nacional;04 Balears, Illes;07 Balears, Illes;;Viviendas con cosumo entre 8.001 y 9.000 kwh;9.322
Total Nacional;04 Balears, Illes;07 Balears, Illes;;Viviendas con cosumo entre 9.001 y 10.000 kwh;6.199
Total Nacional;04 Balears, Illes;07 Balears, Illes;;Viviendas con consumo mayor de 10.000 kwh;17.432
Total Nacional;05 Canarias;35 Palmas, Las;;Viviendas totales;551.237
Total Nacional;05 Canarias;35 Palmas, Las;;Viviendas vacías;100.375
Total Nacional;05 Canarias;35 Palmas, Las;;Mediana consumo anual;2.382
Total Nacional;05 Canarias;35 Palmas, Las;;Viviendas con bajo consumo;12.667
Total Nacional;05 Canarias;35 Palmas, Las;;Viviendas de uso esporádico;37.722
Total Nacional;05 Canarias;35 Palmas, Las;;Viviendas de uso esporádico (entre 251 y 500 kwh);18.032
Total Nacional;05 Canarias;35 Palmas, Las;;Viviendas de uso esporádico (entre 501 y 750 kwh);19.690
Total Nacional;05 Canarias;35 Palmas, Las;;Viviendas con cosumo entre 751 y 1.000 kwh;22.302
Total Nacional;05 Canarias;35 Palmas, Las;;Viviendas con cosumo entre 1.001 y 2.000 kwh;114.054
Total Nacional;05 Canarias;35 Palmas, Las;;Viviendas con cosumo entre 2.001 y 3.000 kwh;110.084
Total Nacional;05 Canarias;35 Palmas, Las;;Viviendas con cosumo entre 3.001 y 4.000 kwh;73.544
Total Nacional;05 Canarias;35 Palmas, Las;;Viviendas con cosumo entre 4.001 y 5.000 kwh;37.757
Total Nacional;05 Canarias;35 Palmas, Las;;Viviendas con cosumo entre 5.001 y 6.000 kwh;18.169
Total Nacional;05 Canarias;35 Palmas, Las;;Viviendas con cosumo entre 6.001 y 7.000 kwh;8.999
Total Nacional;05 Canarias;35 Palmas, Las;;Viviendas con cosumo entre 7.001 y 8.000 kwh;4.986
Total Nacional;05 Canarias;35 Palmas, Las;;Viviendas con cosumo entre 8.001 y 9.000 kwh;2.920
Total Nacional;05 Canarias;35 Palmas, Las;;Viviendas con cosumo entre 9.001 y 10.000 kwh;1.910
Total Nacional;05 Canarias;35 Palmas, Las;;Viviendas con consumo mayor de 10.000 kwh;5.748
Total Nacional;05 Canarias;38 Santa Cruz de Tenerife;;Viviendas totales;537.463
Total Nacional;05 Canarias;38 Santa Cruz de Tenerife;;Viviendas vacías;110.956
Total Nacional;05 Canarias;38 Santa Cruz de Tenerife;;Mediana consumo anual;2.115
Total Nacional;05 Canarias;38 Santa Cruz de Tenerife;;Viviendas con bajo consumo;15.162
Total Nacional;05 Canarias;38 Santa Cruz de Tenerife;;Viviendas de uso esporádico;46.000
Total Nacional;05 Canarias;38 Santa Cruz de Tenerife;;Viviendas de uso esporádico (entre 251 y 500 kwh);21.673
Total Nacional;05 Canarias;38 Santa Cruz de Tenerife;;Viviendas de uso esporádico (entre 501 y 750 kwh);24.327
Total Nacional;05 Canarias;38 Santa Cruz de Tenerife;;Viviendas con cosumo entre 751 y 1.000 kwh;27.734
Total Nacional;05 Canarias;38 Santa Cruz de Tenerife;;Viviendas con cosumo entre 1.001 y 2.000 kwh;119.240
Total Nacional;05 Canarias;38 Santa Cruz de Tenerife;;Viviendas con cosumo entre 2.001 y 3.000 kwh;94.606
Total Nacional;05 Canarias;38 Santa Cruz de Tenerife;;Viviendas con cosumo entre 3.001 y 4.000 kwh;58.340
Total Nacional;05 Canarias;38 Santa Cruz de Tenerife;;Viviendas con cosumo entre 4.001 y 5.000 kwh;30.171
Total Nacional;05 Canarias;38 Santa Cruz de Tenerife;;Viviendas con cosumo entre 5.001 y 6.000 kwh;14.646
Total Nacional;05 Canarias;38 Santa Cruz de Tenerife;;Viviendas con cosumo entre 6.001 y 7.000 kwh;7.419
Total Nacional;05 Canarias;38 Santa Cruz de Tenerife;;Viviendas con cosumo entre 7.001 y 8.000 kwh;4.029
Total Nacional;05 Canarias;38 Santa Cruz de Tenerife;;Viviendas con cosumo entre 8.001 y 9.000 kwh;2.346
Total Nacional;05 Canarias;38 Santa Cruz de Tenerife;;Viviendas con cosumo entre 9.001 y 10.000 kwh;1.530
Total Nacional;05 Canarias;38 Santa Cruz de Tenerife;;Viviendas con consumo mayor de 10.000 kwh;5.284
Total Nacional;06 Cantabria;39 Cantabria;;Viviendas totales;383.642
Total Nacional;06 Cantabria;39 Cantabria;;Viviendas vacías;49.497
Total Nacional;06 Cantabria;39 Cantabria;;Mediana consumo anual;1.685
Total Nacional;06 Cantabria;39 Cantabria;;Viviendas con bajo consumo;23.016
Total Nacional;06 Cantabria;39 Cantabria;;Viviendas de uso esporádico;59.608
Total Nacional;06 Cantabria;39 Cantabria;;Viviendas de uso esporádico (entre 251 y 500 kwh);31.919
Total Nacional;06 Cantabria;39 Cantabria;;Viviendas de uso esporádico (entre 501 y 750 kwh);27.689
Total Nacional;06 Cantabria;39 Cantabria;;Viviendas con cosumo entre 751 y 1.000 kwh;25.658
Total Nacional;06 Cantabria;39 Cantabria;;Viviendas con cosumo entre 1.001 y 2.000 kwh;100.869
Total Nacional;06 Cantabria;39 Cantabria;;Viviendas con cosumo entre 2.001 y 3.000 kwh;67.484
Total Nacional;06 Cantabria;39 Cantabria;;Viviendas con cosumo entre 3.001 y 4.000 kwh;29.677
Total Nacional;06 Cantabria;39 Cantabria;;Viviendas con cosumo entre 4.001 y 5.000 kwh;12.317
Total Nacional;06 Cantabria;39 Cantabria;;Viviendas con cosumo entre 5.001 y 6.000 kwh;5.711
Total Nacional;06 Cantabria;39 Cantabria;;Viviendas con cosumo entre 6.001 y 7.000 kwh;3.077
Total Nacional;06 Cantabria;39 Cantabria;;Viviendas con cosumo entre 7.001 y 8.000 kwh;1.738
Total Nacional;06 Cantabria;39 Cantabria;;Viviendas con cosumo entre 8.001 y 9.000 kwh;1.132
Total Nacional;06 Cantabria;39 Cantabria;;Viviendas con cosumo entre 9.001 y 10.000 kwh;789
Total Nacional;06 Cantabria;39 Cantabria;;Viviendas con consumo mayor de 10.000 kwh;3.069
Total Nacional;07 Castilla y León;05 Ávila;;Viviendas totales;171.947
Total Nacional;07 Castilla y León;05 Ávila;;Viviendas vacías;37.424
Total Nacional;07 Castilla y León;05 Ávila;;Mediana consumo anual;1.451
Total Nacional;07 Castilla y León;05 Ávila;;Viviendas con bajo consumo;16.377
Total Nacional;07 Castilla y León;05 Ávila;;Viviendas de uso esporádico;30.681
Total Nacional;07 Castilla y León;05 Ávila;;Viviendas de uso esporádico (entre 251 y 500 kwh);17.221
Total Nacional;07 Castilla y León;05 Ávila;;Viviendas de uso esporádico (entre 501 y 750 kwh);13.460
Total Nacional;07 Castilla y León;05 Ávila;;Viviendas con cosumo entre 751 y 1.000 kwh;11.404
Total Nacional;07 Castilla y León;05 Ávila;;Viviendas con cosumo entre 1.001 y 2.000 kwh;33.738
Total Nacional;07 Castilla y León;05 Ávila;;Viviendas con cosumo entre 2.001 y 3.000 kwh;20.516
Total Nacional;07 Castilla y León;05 Ávila;;Viviendas con cosumo entre 3.001 y 4.000 kwh;10.115
Total Nacional;07 Castilla y León;05 Ávila;;Viviendas con cosumo entre 4.001 y 5.000 kwh;4.589
Total Nacional;07 Castilla y León;05 Ávila;;Viviendas con cosumo entre 5.001 y 6.000 kwh;2.260
Total Nacional;07 Castilla y León;05 Ávila;;Viviendas con cosumo entre 6.001 y 7.000 kwh;1.355
Total Nacional;07 Castilla y León;05 Ávila;;Viviendas con cosumo entre 7.001 y 8.000 kwh;858
Total Nacional;07 Castilla y León;05 Ávila;;Viviendas con cosumo entre 8.001 y 9.000 kwh;646
Total Nacional;07 Castilla y León;05 Ávila;;Viviendas con cosumo entre 9.001 y 10.000 kwh;414
Total Nacional;07 Castilla y León;05 Ávila;;Viviendas con consumo mayor de 10.000 kwh;1.570
Total Nacional;07 Castilla y León;09 Burgos;;Viviendas totales;275.639
Total Nacional;07 Castilla y León;09 Burgos;;Viviendas vacías;48.577
Total Nacional;07 Castilla y León;09 Burgos;;Mediana consumo anual;1.511
Total Nacional;07 Castilla y León;09 Burgos;;Viviendas con bajo consumo;21.589
Total Nacional;07 Castilla y León;09 Burgos;;Viviendas de uso esporádico;43.253
Total Nacional;07 Castilla y León;09 Burgos;;Viviendas de uso esporádico (entre 251 y 500 kwh);22.989
Total Nacional;07 Castilla y León;09 Burgos;;Viviendas de uso esporádico (entre 501 y 750 kwh);20.264
Total Nacional;07 Castilla y León;09 Burgos;;Viviendas con cosumo entre 751 y 1.000 kwh;20.108
Total Nacional;07 Castilla y León;09 Burgos;;Viviendas con cosumo entre 1.001 y 2.000 kwh;72.274
Total Nacional;07 Castilla y León;09 Burgos;;Viviendas con cosumo entre 2.001 y 3.000 kwh;40.401
Total Nacional;07 Castilla y León;09 Burgos;;Viviendas con cosumo entre 3.001 y 4.000 kwh;14.852
Total Nacional;07 Castilla y León;09 Burgos;;Viviendas con cosumo entre 4.001 y 5.000 kwh;5.560
Total Nacional;07 Castilla y León;09 Burgos;;Viviendas con cosumo entre 5.001 y 6.000 kwh;2.663
Total Nacional;07 Castilla y León;09 Burgos;;Viviendas con cosumo entre 6.001 y 7.000 kwh;1.658
Total Nacional;07 Castilla y León;09 Burgos;;Viviendas con cosumo entre 7.001 y 8.000 kwh;1.242
Total Nacional;07 Castilla y León;09 Burgos;;Viviendas con cosumo entre 8.001 y 9.000 kwh;869
Total Nacional;07 Castilla y León;09 Burgos;;Viviendas con cosumo entre 9.001 y 10.000 kwh;636
Total Nacional;07 Castilla y León;09 Burgos;;Viviendas con consumo mayor de 10.000 kwh;1.957
Total Nacional;07 Castilla y León;24 León;;Viviendas totales;354.725
Total Nacional;07 Castilla y León;24 León;;Viviendas vacías;89.097
Total Nacional;07 Castilla y León;24 León;;Mediana consumo anual;1.715
Total Nacional;07 Castilla y León;24 León;;Viviendas con bajo consumo;21.467
Total Nacional;07 Castilla y León;24 León;;Viviendas de uso esporádico;43.140
Total Nacional;07 Castilla y León;24 León;;Viviendas de uso esporádico (entre 251 y 500 kwh);22.794
Total Nacional;07 Castilla y León;24 León;;Viviendas de uso esporádico (entre 501 y 750 kwh);20.346
Total Nacional;07 Castilla y León;24 León;;Viviendas con cosumo entre 751 y 1.000 kwh;20.602
Total Nacional;07 Castilla y León;24 León;;Viviendas con cosumo entre 1.001 y 2.000 kwh;78.859
Total Nacional;07 Castilla y León;24 León;;Viviendas con cosumo entre 2.001 y 3.000 kwh;50.753
Total Nacional;07 Castilla y León;24 León;;Viviendas con cosumo entre 3.001 y 4.000 kwh;23.227
Total Nacional;07 Castilla y León;24 León;;Viviendas con cosumo entre 4.001 y 5.000 kwh;10.282
Total Nacional;07 Castilla y León;24 León;;Viviendas con cosumo entre 5.001 y 6.000 kwh;5.014
Total Nacional;07 Castilla y León;24 León;;Viviendas con cosumo entre 6.001 y 7.000 kwh;2.936
Total Nacional;07 Castilla y León;24 León;;Viviendas con cosumo entre 7.001 y 8.000 kwh;2.054
Total Nacional;07 Castilla y León;24 León;;Viviendas con cosumo entre 8.001 y 9.000 kwh;1.494
Total Nacional;07 Castilla y León;24 León;;Viviendas con cosumo entre 9.001 y 10.000 kwh;1.114
Total Nacional;07 Castilla y León;24 León;;Viviendas con consumo mayor de 10.000 kwh;4.686
Total Nacional;07 Castilla y León;34 Palencia;;Viviendas totales;116.431
Total Nacional;07 Castilla y León;34 Palencia;;Viviendas vacías;18.351
Total Nacional;07 Castilla y León;34 Palencia;;Mediana consumo anual;1.542
Total Nacional;07 Castilla y León;34 Palencia;;Viviendas con bajo consumo;9.534
Total Nacional;07 Castilla y León;34 Palencia;;Viviendas de uso esporádico;18.206
Total Nacional;07 Castilla y León;34 Palencia;;Viviendas de uso esporádico (entre 251 y 500 kwh);9.889
Total Nacional;07 Castilla y León;34 Palencia;;Viviendas de uso esporádico (entre 501 y 750 kwh);8.317
Total Nacional;07 Castilla y León;34 Palencia;;Viviendas con cosumo entre 751 y 1.000 kwh;8.276
Total Nacional;07 Castilla y León;34 Palencia;;Viviendas con cosumo entre 1.001 y 2.000 kwh;31.096
Total Nacional;07 Castilla y León;34 Palencia;;Viviendas con cosumo entre 2.001 y 3.000 kwh;18.437
Total Nacional;07 Castilla y León;34 Palencia;;Viviendas con cosumo entre 3.001 y 4.000 kwh;6.945
Total Nacional;07 Castilla y León;34 Palencia;;Viviendas con cosumo entre 4.001 y 5.000 kwh;2.334
Total Nacional;07 Castilla y León;34 Palencia;;Viviendas con cosumo entre 5.001 y 6.000 kwh;977
Total Nacional;07 Castilla y León;34 Palencia;;Viviendas con cosumo entre 6.001 y 7.000 kwh;554
Total Nacional;07 Castilla y León;34 Palencia;;Viviendas con cosumo entre 7.001 y 8.000 kwh;389
Total Nacional;07 Castilla y León;34 Palencia;;Viviendas con cosumo entre 8.001 y 9.000 kwh;288
Total Nacional;07 Castilla y León;34 Palencia;;Viviendas con cosumo entre 9.001 y 10.000 kwh;204
Total Nacional;07 Castilla y León;34 Palencia;;Viviendas con consumo mayor de 10.000 kwh;840
Total Nacional;07 Castilla y León;37 Salamanca;;Viviendas totales;246.123
Total Nacional;07 Castilla y León;37 Salamanca;;Viviendas vacías;41.709
Total Nacional;07 Castilla y León;37 Salamanca;;Mediana consumo anual;1.678
Total Nacional;07 Castilla y León;37 Salamanca;;Viviendas con bajo consumo;17.493
Total Nacional;07 Castilla y León;37 Salamanca;;Viviendas de uso esporádico;33.339
Total Nacional;07 Castilla y León;37 Salamanca;;Viviendas de uso esporádico (entre 251 y 500 kwh);17.648
Total Nacional;07 Castilla y León;37 Salamanca;;Viviendas de uso esporádico (entre 501 y 750 kwh);15.691
Total Nacional;07 Castilla y León;37 Salamanca;;Viviendas con cosumo entre 751 y 1.000 kwh;16.179
Total Nacional;07 Castilla y León;37 Salamanca;;Viviendas con cosumo entre 1.001 y 2.000 kwh;62.503
Total Nacional;07 Castilla y León;37 Salamanca;;Viviendas con cosumo entre 2.001 y 3.000 kwh;38.583
Total Nacional;07 Castilla y León;37 Salamanca;;Viviendas con cosumo entre 3.001 y 4.000 kwh;16.669
Total Nacional;07 Castilla y León;37 Salamanca;;Viviendas con cosumo entre 4.001 y 5.000 kwh;7.122
Total Nacional;07 Castilla y León;37 Salamanca;;Viviendas con cosumo entre 5.001 y 6.000 kwh;3.615
Total Nacional;07 Castilla y León;37 Salamanca;;Viviendas con cosumo entre 6.001 y 7.000 kwh;2.285
Total Nacional;07 Castilla y León;37 Salamanca;;Viviendas con cosumo entre 7.001 y 8.000 kwh;1.697
Total Nacional;07 Castilla y León;37 Salamanca;;Viviendas con cosumo entre 8.001 y 9.000 kwh;1.308
Total Nacional;07 Castilla y León;37 Salamanca;;Viviendas con cosumo entre 9.001 y 10.000 kwh;948
Total Nacional;07 Castilla y León;37 Salamanca;;Viviendas con consumo mayor de 10.000 kwh;2.673
Total Nacional;07 Castilla y León;40 Segovia;;Viviendas totales;128.255
Total Nacional;07 Castilla y León;40 Segovia;;Viviendas vacías;35.253
Total Nacional;07 Castilla y León;40 Segovia;;Mediana consumo anual;1.925
Total Nacional;07 Castilla y León;40 Segovia;;Viviendas con bajo consumo;6.911
Total Nacional;07 Castilla y León;40 Segovia;;Viviendas de uso esporádico;15.412
Total Nacional;07 Castilla y León;40 Segovia;;Viviendas de uso esporádico (entre 251 y 500 kwh);8.232
Total Nacional;07 Castilla y León;40 Segovia;;Viviendas de uso esporádico (entre 501 y 750 kwh);7.180
Total Nacional;07 Castilla y León;40 Segovia;;Viviendas con cosumo entre 751 y 1.000 kwh;6.361
Total Nacional;07 Castilla y León;40 Segovia;;Viviendas con cosumo entre 1.001 y 2.000 kwh;22.799
Total Nacional;07 Castilla y León;40 Segovia;;Viviendas con cosumo entre 2.001 y 3.000 kwh;17.216
Total Nacional;07 Castilla y León;40 Segovia;;Viviendas con cosumo entre 3.001 y 4.000 kwh;9.873
Total Nacional;07 Castilla y León;40 Segovia;;Viviendas con cosumo entre 4.001 y 5.000 kwh;5.211
Total Nacional;07 Castilla y León;40 Segovia;;Viviendas con cosumo entre 5.001 y 6.000 kwh;2.634
Total Nacional;07 Castilla y León;40 Segovia;;Viviendas con cosumo entre 6.001 y 7.000 kwh;1.628
Total Nacional;07 Castilla y León;40 Segovia;;Viviendas con cosumo entre 7.001 y 8.000 kwh;1.061
Total Nacional;07 Castilla y León;40 Segovia;;Viviendas con cosumo entre 8.001 y 9.000 kwh;776
Total Nacional;07 Castilla y León;40 Segovia;;Viviendas con cosumo entre 9.001 y 10.000 kwh;577
Total Nacional;07 Castilla y León;40 Segovia;;Viviendas con consumo mayor de 10.000 kwh;2.543
Total Nacional;07 Castilla y León;42 Soria;;Viviendas totales;84.255
Total Nacional;07 Castilla y León;42 Soria;;Viviendas vacías;21.159
Total Nacional;07 Castilla y León;42 Soria;;Mediana consumo anual;1.466
Total Nacional;07 Castilla y León;42 Soria;;Viviendas con bajo consumo;7.665
Total Nacional;07 Castilla y León;42 Soria;;Viviendas de uso esporádico;13.353
Total Nacional;07 Castilla y León;42 Soria;;Viviendas de uso esporádico (entre 251 y 500 kwh);7.593
Total Nacional;07 Castilla y León;42 Soria;;Viviendas de uso esporádico (entre 501 y 750 kwh);5.760
Total Nacional;07 Castilla y León;42 Soria;;Viviendas con cosumo entre 751 y 1.000 kwh;5.261
Total Nacional;07 Castilla y León;42 Soria;;Viviendas con cosumo entre 1.001 y 2.000 kwh;17.874
Total Nacional;07 Castilla y León;42 Soria;;Viviendas con cosumo entre 2.001 y 3.000 kwh;10.596
Total Nacional;07 Castilla y León;42 Soria;;Viviendas con cosumo entre 3.001 y 4.000 kwh;4.284
Total Nacional;07 Castilla y León;42 Soria;;Viviendas con cosumo entre 4.001 y 5.000 kwh;1.590
Total Nacional;07 Castilla y León;42 Soria;;Viviendas con cosumo entre 5.001 y 6.000 kwh;740
Total Nacional;07 Castilla y León;42 Soria;;Viviendas con cosumo entre 6.001 y 7.000 kwh;448
Total Nacional;07 Castilla y León;42 Soria;;Viviendas con cosumo entre 7.001 y 8.000 kwh;280
Total Nacional;07 Castilla y León;42 Soria;;Viviendas con cosumo entre 8.001 y 9.000 kwh;231
Total Nacional;07 Castilla y León;42 Soria;;Viviendas con cosumo entre 9.001 y 10.000 kwh;164
Total Nacional;07 Castilla y León;42 Soria;;Viviendas con consumo mayor de 10.000 kwh;610
Total Nacional;07 Castilla y León;47 Valladolid;;Viviendas totales;296.910
Total Nacional;07 Castilla y León;47 Valladolid;;Viviendas vacías;27.222
Total Nacional;07 Castilla y León;47 Valladolid;;Mediana consumo anual;1.731
Total Nacional;07 Castilla y León;47 Valladolid;;Viviendas con bajo consumo;13.716
Total Nacional;07 Castilla y León;47 Valladolid;;Viviendas de uso esporádico;34.852
Total Nacional;07 Castilla y León;47 Valladolid;;Viviendas de uso esporádico (entre 251 y 500 kwh);16.882
Total Nacional;07 Castilla y León;47 Valladolid;;Viviendas de uso esporádico (entre 501 y 750 kwh);17.970
Total Nacional;07 Castilla y León;47 Valladolid;;Viviendas con cosumo entre 751 y 1.000 kwh;21.289
Total Nacional;07 Castilla y León;47 Valladolid;;Viviendas con cosumo entre 1.001 y 2.000 kwh;96.295
Total Nacional;07 Castilla y León;47 Valladolid;;Viviendas con cosumo entre 2.001 y 3.000 kwh;60.684
Total Nacional;07 Castilla y León;47 Valladolid;;Viviendas con cosumo entre 3.001 y 4.000 kwh;23.552
Total Nacional;07 Castilla y León;47 Valladolid;;Viviendas con cosumo entre 4.001 y 5.000 kwh;8.594
Total Nacional;07 Castilla y León;47 Valladolid;;Viviendas con cosumo entre 5.001 y 6.000 kwh;3.632
Total Nacional;07 Castilla y León;47 Valladolid;;Viviendas con cosumo entre 6.001 y 7.000 kwh;1.958
Total Nacional;07 Castilla y León;47 Valladolid;;Viviendas con cosumo entre 7.001 y 8.000 kwh;1.262
Total Nacional;07 Castilla y León;47 Valladolid;;Viviendas con cosumo entre 8.001 y 9.000 kwh;850
Total Nacional;07 Castilla y León;47 Valladolid;;Viviendas con cosumo entre 9.001 y 10.000 kwh;654
Total Nacional;07 Castilla y León;47 Valladolid;;Viviendas con consumo mayor de 10.000 kwh;2.350
Total Nacional;07 Castilla y León;49 Zamora;;Viviendas totales;155.610
Total Nacional;07 Castilla y León;49 Zamora;;Viviendas vacías;41.812
Total Nacional;07 Castilla y León;49 Zamora;;Mediana consumo anual;1.652
Total Nacional;07 Castilla y León;49 Zamora;;Viviendas con bajo consumo;12.377
Total Nacional;07 Castilla y León;49 Zamora;;Viviendas de uso esporádico;20.861
Total Nacional;07 Castilla y León;49 Zamora;;Viviendas de uso esporádico (entre 251 y 500 kwh);11.594
Total Nacional;07 Castilla y León;49 Zamora;;Viviendas de uso esporádico (entre 501 y 750 kwh);9.267
Total Nacional;07 Castilla y León;49 Zamora;;Viviendas con cosumo entre 751 y 1.000 kwh;8.661
Total Nacional;07 Castilla y León;49 Zamora;;Viviendas con cosumo entre 1.001 y 2.000 kwh;31.039
Total Nacional;07 Castilla y León;49 Zamora;;Viviendas con cosumo entre 2.001 y 3.000 kwh;20.160
Total Nacional;07 Castilla y León;49 Zamora;;Viviendas con cosumo entre 3.001 y 4.000 kwh;9.108
Total Nacional;07 Castilla y León;49 Zamora;;Viviendas con cosumo entre 4.001 y 5.000 kwh;4.053
Total Nacional;07 Castilla y León;49 Zamora;;Viviendas con cosumo entre 5.001 y 6.000 kwh;2.106
Total Nacional;07 Castilla y León;49 Zamora;;Viviendas con cosumo entre 6.001 y 7.000 kwh;1.375
Total Nacional;07 Castilla y León;49 Zamora;;Viviendas con cosumo entre 7.001 y 8.000 kwh;943
Total Nacional;07 Castilla y León;49 Zamora;;Viviendas con cosumo entre 8.001 y 9.000 kwh;739
Total Nacional;07 Castilla y León;49 Zamora;;Viviendas con cosumo entre 9.001 y 10.000 kwh;567
Total Nacional;07 Castilla y León;49 Zamora;;Viviendas con consumo mayor de 10.000 kwh;1.809
Total Nacional;08 Castilla - La Mancha;02 Albacete;;Viviendas totales;241.313
Total Nacional;08 Castilla - La Mancha;02 Albacete;;Viviendas vacías;39.878
Total Nacional;08 Castilla - La Mancha;02 Albacete;;Mediana consumo anual;2.051
Total Nacional;08 Castilla - La Mancha;02 Albacete;;Viviendas con bajo consumo;12.596
Total Nacional;08 Castilla - La Mancha;02 Albacete;;Viviendas de uso esporádico;27.113
Total Nacional;08 Castilla - La Mancha;02 Albacete;;Viviendas de uso esporádico (entre 251 y 500 kwh);14.392
Total Nacional;08 Castilla - La Mancha;02 Albacete;;Viviendas de uso esporádico (entre 501 y 750 kwh);12.721
Total Nacional;08 Castilla - La Mancha;02 Albacete;;Viviendas con cosumo entre 751 y 1.000 kwh;12.559
Total Nacional;08 Castilla - La Mancha;02 Albacete;;Viviendas con cosumo entre 1.001 y 2.000 kwh;52.153
Total Nacional;08 Castilla - La Mancha;02 Albacete;;Viviendas con cosumo entre 2.001 y 3.000 kwh;42.757
Total Nacional;08 Castilla - La Mancha;02 Albacete;;Viviendas con cosumo entre 3.001 y 4.000 kwh;24.677
Total Nacional;08 Castilla - La Mancha;02 Albacete;;Viviendas con cosumo entre 4.001 y 5.000 kwh;12.310
Total Nacional;08 Castilla - La Mancha;02 Albacete;;Viviendas con cosumo entre 5.001 y 6.000 kwh;6.023
Total Nacional;08 Castilla - La Mancha;02 Albacete;;Viviendas con cosumo entre 6.001 y 7.000 kwh;3.453
Total Nacional;08 Castilla - La Mancha;02 Albacete;;Viviendas con cosumo entre 7.001 y 8.000 kwh;2.174
Total Nacional;08 Castilla - La Mancha;02 Albacete;;Viviendas con cosumo entre 8.001 y 9.000 kwh;1.504
Total Nacional;08 Castilla - La Mancha;02 Albacete;;Viviendas con cosumo entre 9.001 y 10.000 kwh;1.098
Total Nacional;08 Castilla - La Mancha;02 Albacete;;Viviendas con consumo mayor de 10.000 kwh;3.018
Total Nacional;08 Castilla - La Mancha;13 Ciudad Real;;Viviendas totales;313.180
Total Nacional;08 Castilla - La Mancha;13 Ciudad Real;;Viviendas vacías;91.169
Total Nacional;08 Castilla - La Mancha;13 Ciudad Real;;Mediana consumo anual;2.635
Total Nacional;08 Castilla - La Mancha;13 Ciudad Real;;Viviendas con bajo consumo;9.266
Total Nacional;08 Castilla - La Mancha;13 Ciudad Real;;Viviendas de uso esporádico;24.649
Total Nacional;08 Castilla - La Mancha;13 Ciudad Real;;Viviendas de uso esporádico (entre 251 y 500 kwh);13.133
Total Nacional;08 Castilla - La Mancha;13 Ciudad Real;;Viviendas de uso esporádico (entre 501 y 750 kwh);11.516
Total Nacional;08 Castilla - La Mancha;13 Ciudad Real;;Viviendas con cosumo entre 751 y 1.000 kwh;11.074
Total Nacional;08 Castilla - La Mancha;13 Ciudad Real;;Viviendas con cosumo entre 1.001 y 2.000 kwh;43.690
Total Nacional;08 Castilla - La Mancha;13 Ciudad Real;;Viviendas con cosumo entre 2.001 y 3.000 kwh;41.381
Total Nacional;08 Castilla - La Mancha;13 Ciudad Real;;Viviendas con cosumo entre 3.001 y 4.000 kwh;31.640
Total Nacional;08 Castilla - La Mancha;13 Ciudad Real;;Viviendas con cosumo entre 4.001 y 5.000 kwh;20.099
Total Nacional;08 Castilla - La Mancha;13 Ciudad Real;;Viviendas con cosumo entre 5.001 y 6.000 kwh;12.258
Total Nacional;08 Castilla - La Mancha;13 Ciudad Real;;Viviendas con cosumo entre 6.001 y 7.000 kwh;7.502
Total Nacional;08 Castilla - La Mancha;13 Ciudad Real;;Viviendas con cosumo entre 7.001 y 8.000 kwh;5.012
Total Nacional;08 Castilla - La Mancha;13 Ciudad Real;;Viviendas con cosumo entre 8.001 y 9.000 kwh;3.587
Total Nacional;08 Castilla - La Mancha;13 Ciudad Real;;Viviendas con cosumo entre 9.001 y 10.000 kwh;2.586
Total Nacional;08 Castilla - La Mancha;13 Ciudad Real;;Viviendas con consumo mayor de 10.000 kwh;9.267
Total Nacional;08 Castilla - La Mancha;16 Cuenca;;Viviendas totales;165.616
Total Nacional;08 Castilla - La Mancha;16 Cuenca;;Viviendas vacías;41.548
Total Nacional;08 Castilla - La Mancha;16 Cuenca;;Mediana consumo anual;1.758
Total Nacional;08 Castilla - La Mancha;16 Cuenca;;Viviendas con bajo consumo;12.465
Total Nacional;08 Castilla - La Mancha;16 Cuenca;;Viviendas de uso esporádico;23.121
Total Nacional;08 Castilla - La Mancha;16 Cuenca;;Viviendas de uso esporádico (entre 251 y 500 kwh);12.884
Total Nacional;08 Castilla - La Mancha;16 Cuenca;;Viviendas de uso esporádico (entre 501 y 750 kwh);10.237
Total Nacional;08 Castilla - La Mancha;16 Cuenca;;Viviendas con cosumo entre 751 y 1.000 kwh;9.048
Total Nacional;08 Castilla - La Mancha;16 Cuenca;;Viviendas con cosumo entre 1.001 y 2.000 kwh;30.553
Total Nacional;08 Castilla - La Mancha;16 Cuenca;;Viviendas con cosumo entre 2.001 y 3.000 kwh;21.305
Total Nacional;08 Castilla - La Mancha;16 Cuenca;;Viviendas con cosumo entre 3.001 y 4.000 kwh;11.497
Total Nacional;08 Castilla - La Mancha;16 Cuenca;;Viviendas con cosumo entre 4.001 y 5.000 kwh;5.912
Total Nacional;08 Castilla - La Mancha;16 Cuenca;;Viviendas con cosumo entre 5.001 y 6.000 kwh;3.060
Total Nacional;08 Castilla - La Mancha;16 Cuenca;;Viviendas con cosumo entre 6.001 y 7.000 kwh;1.781
Total Nacional;08 Castilla - La Mancha;16 Cuenca;;Viviendas con cosumo entre 7.001 y 8.000 kwh;1.213
Total Nacional;08 Castilla - La Mancha;16 Cuenca;;Viviendas con cosumo entre 8.001 y 9.000 kwh;900
Total Nacional;08 Castilla - La Mancha;16 Cuenca;;Viviendas con cosumo entre 9.001 y 10.000 kwh;711
Total Nacional;08 Castilla - La Mancha;16 Cuenca;;Viviendas con consumo mayor de 10.000 kwh;2.502
Total Nacional;08 Castilla - La Mancha;19 Guadalajara;;Viviendas totales;187.779
Total Nacional;08 Castilla - La Mancha;19 Guadalajara;;Viviendas vacías;42.591
Total Nacional;08 Castilla - La Mancha;19 Guadalajara;;Mediana consumo anual;2.107
Total Nacional;08 Castilla - La Mancha;19 Guadalajara;;Viviendas con bajo consumo;9.183
Total Nacional;08 Castilla - La Mancha;19 Guadalajara;;Viviendas de uso esporádico;20.602
Total Nacional;08 Castilla - La Mancha;19 Guadalajara;;Viviendas de uso esporádico (entre 251 y 500 kwh);10.863
Total Nacional;08 Castilla - La Mancha;19 Guadalajara;;Viviendas de uso esporádico (entre 501 y 750 kwh);9.739
Total Nacional;08 Castilla - La Mancha;19 Guadalajara;;Viviendas con cosumo entre 751 y 1.000 kwh;8.923
Total Nacional;08 Castilla - La Mancha;19 Guadalajara;;Viviendas con cosumo entre 1.001 y 2.000 kwh;35.029
Total Nacional;08 Castilla - La Mancha;19 Guadalajara;;Viviendas con cosumo entre 2.001 y 3.000 kwh;28.790
Total Nacional;08 Castilla - La Mancha;19 Guadalajara;;Viviendas con cosumo entre 3.001 y 4.000 kwh;17.989
Total Nacional;08 Castilla - La Mancha;19 Guadalajara;;Viviendas con cosumo entre 4.001 y 5.000 kwh;9.710
Total Nacional;08 Castilla - La Mancha;19 Guadalajara;;Viviendas con cosumo entre 5.001 y 6.000 kwh;5.259
Total Nacional;08 Castilla - La Mancha;19 Guadalajara;;Viviendas con cosumo entre 6.001 y 7.000 kwh;3.032
Total Nacional;08 Castilla - La Mancha;19 Guadalajara;;Viviendas con cosumo entre 7.001 y 8.000 kwh;1.836
Total Nacional;08 Castilla - La Mancha;19 Guadalajara;;Viviendas con cosumo entre 8.001 y 9.000 kwh;1.246
Total Nacional;08 Castilla - La Mancha;19 Guadalajara;;Viviendas con cosumo entre 9.001 y 10.000 kwh;818
Total Nacional;08 Castilla - La Mancha;19 Guadalajara;;Viviendas con consumo mayor de 10.000 kwh;2.771
Total Nacional;08 Castilla - La Mancha;45 Toledo;;Viviendas totales;439.385
Total Nacional;08 Castilla - La Mancha;45 Toledo;;Viviendas vacías;88.755
Total Nacional;08 Castilla - La Mancha;45 Toledo;;Mediana consumo anual;2.572
Total Nacional;08 Castilla - La Mancha;45 Toledo;;Viviendas con bajo consumo;15.109
Total Nacional;08 Castilla - La Mancha;45 Toledo;;Viviendas de uso esporádico;40.065
Total Nacional;08 Castilla - La Mancha;45 Toledo;;Viviendas de uso esporádico (entre 251 y 500 kwh);21.010
Total Nacional;08 Castilla - La Mancha;45 Toledo;;Viviendas de uso esporádico (entre 501 y 750 kwh);19.055
Total Nacional;08 Castilla - La Mancha;45 Toledo;;Viviendas con cosumo entre 751 y 1.000 kwh;17.844
Total Nacional;08 Castilla - La Mancha;45 Toledo;;Viviendas con cosumo entre 1.001 y 2.000 kwh;71.184
Total Nacional;08 Castilla - La Mancha;45 Toledo;;Viviendas con cosumo entre 2.001 y 3.000 kwh;64.998
Total Nacional;08 Castilla - La Mancha;45 Toledo;;Viviendas con cosumo entre 3.001 y 4.000 kwh;49.100
Total Nacional;08 Castilla - La Mancha;45 Toledo;;Viviendas con cosumo entre 4.001 y 5.000 kwh;32.266
Total Nacional;08 Castilla - La Mancha;45 Toledo;;Viviendas con cosumo entre 5.001 y 6.000 kwh;19.316
Total Nacional;08 Castilla - La Mancha;45 Toledo;;Viviendas con cosumo entre 6.001 y 7.000 kwh;11.995
Total Nacional;08 Castilla - La Mancha;45 Toledo;;Viviendas con cosumo entre 7.001 y 8.000 kwh;7.761
Total Nacional;08 Castilla - La Mancha;45 Toledo;;Viviendas con cosumo entre 8.001 y 9.000 kwh;5.344
Total Nacional;08 Castilla - La Mancha;45 Toledo;;Viviendas con cosumo entre 9.001 y 10.000 kwh;3.779
Total Nacional;08 Castilla - La Mancha;45 Toledo;;Viviendas con consumo mayor de 10.000 kwh;11.869
Total Nacional;09 Cataluña;08 Barcelona;;Viviendas totales;2.597.046
Total Nacional;09 Cataluña;08 Barcelona;;Viviendas vacías;213.464
Total Nacional;09 Cataluña;08 Barcelona;;Mediana consumo anual;2.229
Total Nacional;09 Cataluña;08 Barcelona;;Viviendas con bajo consumo;50.201
Total Nacional;09 Cataluña;08 Barcelona;;Viviendas de uso esporádico;166.016
Total Nacional;09 Cataluña;08 Barcelona;;Viviendas de uso esporádico (entre 251 y 500 kwh);72.872
Total Nacional;09 Cataluña;08 Barcelona;;Viviendas de uso esporádico (entre 501 y 750 kwh);93.144
Total Nacional;09 Cataluña;08 Barcelona;;Viviendas con cosumo entre 751 y 1.000 kwh;127.093
Total Nacional;09 Cataluña;08 Barcelona;;Viviendas con cosumo entre 1.001 y 2.000 kwh;713.154
Total Nacional;09 Cataluña;08 Barcelona;;Viviendas con cosumo entre 2.001 y 3.000 kwh;598.741
Total Nacional;09 Cataluña;08 Barcelona;;Viviendas con cosumo entre 3.001 y 4.000 kwh;336.109
Total Nacional;09 Cataluña;08 Barcelona;;Viviendas con cosumo entre 4.001 y 5.000 kwh;166.925
Total Nacional;09 Cataluña;08 Barcelona;;Viviendas con cosumo entre 5.001 y 6.000 kwh;85.043
Total Nacional;09 Cataluña;08 Barcelona;;Viviendas con cosumo entre 6.001 y 7.000 kwh;47.454
Total Nacional;09 Cataluña;08 Barcelona;;Viviendas con cosumo entre 7.001 y 8.000 kwh;28.267
Total Nacional;09 Cataluña;08 Barcelona;;Viviendas con cosumo entre 8.001 y 9.000 kwh;17.722
Total Nacional;09 Cataluña;08 Barcelona;;Viviendas con cosumo entre 9.001 y 10.000 kwh;12.060
Total Nacional;09 Cataluña;08 Barcelona;;Viviendas con consumo mayor de 10.000 kwh;34.797
Total Nacional;09 Cataluña;17 Girona;;Viviendas totales;507.421
Total Nacional;09 Cataluña;17 Girona;;Viviendas vacías;76.286
Total Nacional;09 Cataluña;17 Girona;;Mediana consumo anual;2.107
Total Nacional;09 Cataluña;17 Girona;;Viviendas con bajo consumo;21.277
Total Nacional;09 Cataluña;17 Girona;;Viviendas de uso esporádico;61.597
Total Nacional;09 Cataluña;17 Girona;;Viviendas de uso esporádico (entre 251 y 500 kwh);31.463
Total Nacional;09 Cataluña;17 Girona;;Viviendas de uso esporádico (entre 501 y 750 kwh);30.134
Total Nacional;09 Cataluña;17 Girona;;Viviendas con cosumo entre 751 y 1.000 kwh;28.219
Total Nacional;09 Cataluña;17 Girona;;Viviendas con cosumo entre 1.001 y 2.000 kwh;105.133
Total Nacional;09 Cataluña;17 Girona;;Viviendas con cosumo entre 2.001 y 3.000 kwh;81.844
Total Nacional;09 Cataluña;17 Girona;;Viviendas con cosumo entre 3.001 y 4.000 kwh;51.743
Total Nacional;09 Cataluña;17 Girona;;Viviendas con cosumo entre 4.001 y 5.000 kwh;29.621
Total Nacional;09 Cataluña;17 Girona;;Viviendas con cosumo entre 5.001 y 6.000 kwh;17.369
Total Nacional;09 Cataluña;17 Girona;;Viviendas con cosumo entre 6.001 y 7.000 kwh;10.806
Total Nacional;09 Cataluña;17 Girona;;Viviendas con cosumo entre 7.001 y 8.000 kwh;6.727
Total Nacional;09 Cataluña;17 Girona;;Viviendas con cosumo entre 8.001 y 9.000 kwh;4.452
Total Nacional;09 Cataluña;17 Girona;;Viviendas con cosumo entre 9.001 y 10.000 kwh;3.126
Total Nacional;09 Cataluña;17 Girona;;Viviendas con consumo mayor de 10.000 kwh;9.221
Total Nacional;09 Cataluña;25 Lleida;;Viviendas totales;256.081
Total Nacional;09 Cataluña;25 Lleida;;Viviendas vacías;40.956
Total Nacional;09 Cataluña;25 Lleida;;Mediana consumo anual;2.253
Total Nacional;09 Cataluña;25 Lleida;;Viviendas con bajo consumo;9.746
Total Nacional;09 Cataluña;25 Lleida;;Viviendas de uso esporádico;24.527
Total Nacional;09 Cataluña;25 Lleida;;Viviendas de uso esporádico (entre 251 y 500 kwh);12.454
Total Nacional;09 Cataluña;25 Lleida;;Viviendas de uso esporádico (entre 501 y 750 kwh);12.073
Total Nacional;09 Cataluña;25 Lleida;;Viviendas con cosumo entre 751 y 1.000 kwh;12.367
Total Nacional;09 Cataluña;25 Lleida;;Viviendas con cosumo entre 1.001 y 2.000 kwh;53.142
Total Nacional;09 Cataluña;25 Lleida;;Viviendas con cosumo entre 2.001 y 3.000 kwh;44.396
Total Nacional;09 Cataluña;25 Lleida;;Viviendas con cosumo entre 3.001 y 4.000 kwh;28.228
Total Nacional;09 Cataluña;25 Lleida;;Viviendas con cosumo entre 4.001 y 5.000 kwh;15.870
Total Nacional;09 Cataluña;25 Lleida;;Viviendas con cosumo entre 5.001 y 6.000 kwh;9.057
Total Nacional;09 Cataluña;25 Lleida;;Viviendas con cosumo entre 6.001 y 7.000 kwh;5.341
Total Nacional;09 Cataluña;25 Lleida;;Viviendas con cosumo entre 7.001 y 8.000 kwh;3.510
Total Nacional;09 Cataluña;25 Lleida;;Viviendas con cosumo entre 8.001 y 9.000 kwh;2.344
Total Nacional;09 Cataluña;25 Lleida;;Viviendas con cosumo entre 9.001 y 10.000 kwh;1.570
Total Nacional;09 Cataluña;25 Lleida;;Viviendas con consumo mayor de 10.000 kwh;5.027
Total Nacional;09 Cataluña;43 Tarragona;;Viviendas totales;554.579
Total Nacional;09 Cataluña;43 Tarragona;;Viviendas vacías;87.906
Total Nacional;09 Cataluña;43 Tarragona;;Mediana consumo anual;2.150
Total Nacional;09 Cataluña;43 Tarragona;;Viviendas con bajo consumo;25.885
Total Nacional;09 Cataluña;43 Tarragona;;Viviendas de uso esporádico;69.828
Total Nacional;09 Cataluña;43 Tarragona;;Viviendas de uso esporádico (entre 251 y 500 kwh);36.611
Total Nacional;09 Cataluña;43 Tarragona;;Viviendas de uso esporádico (entre 501 y 750 kwh);33.217
Total Nacional;09 Cataluña;43 Tarragona;;Viviendas con cosumo entre 751 y 1.000 kwh;29.802
Total Nacional;09 Cataluña;43 Tarragona;;Viviendas con cosumo entre 1.001 y 2.000 kwh;106.124
Total Nacional;09 Cataluña;43 Tarragona;;Viviendas con cosumo entre 2.001 y 3.000 kwh;88.225
Total Nacional;09 Cataluña;43 Tarragona;;Viviendas con cosumo entre 3.001 y 4.000 kwh;59.255
Total Nacional;09 Cataluña;43 Tarragona;;Viviendas con cosumo entre 4.001 y 5.000 kwh;35.413
Total Nacional;09 Cataluña;43 Tarragona;;Viviendas con cosumo entre 5.001 y 6.000 kwh;20.198
Total Nacional;09 Cataluña;43 Tarragona;;Viviendas con cosumo entre 6.001 y 7.000 kwh;11.657
Total Nacional;09 Cataluña;43 Tarragona;;Viviendas con cosumo entre 7.001 y 8.000 kwh;6.722
Total Nacional;09 Cataluña;43 Tarragona;;Viviendas con cosumo entre 8.001 y 9.000 kwh;4.111
Total Nacional;09 Cataluña;43 Tarragona;;Viviendas con cosumo entre 9.001 y 10.000 kwh;2.707
Total Nacional;09 Cataluña;43 Tarragona;;Viviendas con consumo mayor de 10.000 kwh;6.746
Total Nacional;10 Comunitat Valenciana;03 Alicante/Alacant;;Viviendas totales;1.350.006
Total Nacional;10 Comunitat Valenciana;03 Alicante/Alacant;;Viviendas vacías;209.028
Total Nacional;10 Comunitat Valenciana;03 Alicante/Alacant;;Mediana consumo anual;2.170
Total Nacional;10 Comunitat Valenciana;03 Alicante/Alacant;;Viviendas con bajo consumo;70.478
Total Nacional;10 Comunitat Valenciana;03 Alicante/Alacant;;Viviendas de uso esporádico;163.277
Total Nacional;10 Comunitat Valenciana;03 Alicante/Alacant;;Viviendas de uso esporádico (entre 251 y 500 kwh);87.720
Total Nacional;10 Comunitat Valenciana;03 Alicante/Alacant;;Viviendas de uso esporádico (entre 501 y 750 kwh);75.557
Total Nacional;10 Comunitat Valenciana;03 Alicante/Alacant;;Viviendas con cosumo entre 751 y 1.000 kwh;69.795
Total Nacional;10 Comunitat Valenciana;03 Alicante/Alacant;;Viviendas con cosumo entre 1.001 y 2.000 kwh;260.808
Total Nacional;10 Comunitat Valenciana;03 Alicante/Alacant;;Viviendas con cosumo entre 2.001 y 3.000 kwh;221.835
Total Nacional;10 Comunitat Valenciana;03 Alicante/Alacant;;Viviendas con cosumo entre 3.001 y 4.000 kwh;150.093
Total Nacional;10 Comunitat Valenciana;03 Alicante/Alacant;;Viviendas con cosumo entre 4.001 y 5.000 kwh;87.381
Total Nacional;10 Comunitat Valenciana;03 Alicante/Alacant;;Viviendas con cosumo entre 5.001 y 6.000 kwh;47.578
Total Nacional;10 Comunitat Valenciana;03 Alicante/Alacant;;Viviendas con cosumo entre 6.001 y 7.000 kwh;25.497
Total Nacional;10 Comunitat Valenciana;03 Alicante/Alacant;;Viviendas con cosumo entre 7.001 y 8.000 kwh;14.578
Total Nacional;10 Comunitat Valenciana;03 Alicante/Alacant;;Viviendas con cosumo entre 8.001 y 9.000 kwh;8.906
Total Nacional;10 Comunitat Valenciana;03 Alicante/Alacant;;Viviendas con cosumo entre 9.001 y 10.000 kwh;5.611
Total Nacional;10 Comunitat Valenciana;03 Alicante/Alacant;;Viviendas con consumo mayor de 10.000 kwh;15.141
Total Nacional;10 Comunitat Valenciana;12 Castellón/Castelló;;Viviendas totales;446.872
Total Nacional;10 Comunitat Valenciana;12 Castellón/Castelló;;Viviendas vacías;77.608
Total Nacional;10 Comunitat Valenciana;12 Castellón/Castelló;;Mediana consumo anual;1.932
Total Nacional;10 Comunitat Valenciana;12 Castellón/Castelló;;Viviendas con bajo consumo;27.521
Total Nacional;10 Comunitat Valenciana;12 Castellón/Castelló;;Viviendas de uso esporádico;66.405
Total Nacional;10 Comunitat Valenciana;12 Castellón/Castelló;;Viviendas de uso esporádico (entre 251 y 500 kwh);36.399
Total Nacional;10 Comunitat Valenciana;12 Castellón/Castelló;;Viviendas de uso esporádico (entre 501 y 750 kwh);30.006
Total Nacional;10 Comunitat Valenciana;12 Castellón/Castelló;;Viviendas con cosumo entre 751 y 1.000 kwh;25.092
Total Nacional;10 Comunitat Valenciana;12 Castellón/Castelló;;Viviendas con cosumo entre 1.001 y 2.000 kwh;84.803
Total Nacional;10 Comunitat Valenciana;12 Castellón/Castelló;;Viviendas con cosumo entre 2.001 y 3.000 kwh;68.690
Total Nacional;10 Comunitat Valenciana;12 Castellón/Castelló;;Viviendas con cosumo entre 3.001 y 4.000 kwh;43.972
Total Nacional;10 Comunitat Valenciana;12 Castellón/Castelló;;Viviendas con cosumo entre 4.001 y 5.000 kwh;24.298
Total Nacional;10 Comunitat Valenciana;12 Castellón/Castelló;;Viviendas con cosumo entre 5.001 y 6.000 kwh;12.181
Total Nacional;10 Comunitat Valenciana;12 Castellón/Castelló;;Viviendas con cosumo entre 6.001 y 7.000 kwh;6.364
Total Nacional;10 Comunitat Valenciana;12 Castellón/Castelló;;Viviendas con cosumo entre 7.001 y 8.000 kwh;3.436
Total Nacional;10 Comunitat Valenciana;12 Castellón/Castelló;;Viviendas con cosumo entre 8.001 y 9.000 kwh;1.939
Total Nacional;10 Comunitat Valenciana;12 Castellón/Castelló;;Viviendas con cosumo entre 9.001 y 10.000 kwh;1.240
Total Nacional;10 Comunitat Valenciana;12 Castellón/Castelló;;Viviendas con consumo mayor de 10.000 kwh;3.323
Total Nacional;10 Comunitat Valenciana;46 Valencia/València;;Viviendas totales;1.488.908
Total Nacional;10 Comunitat Valenciana;46 Valencia/València;;Viviendas vacías;172.575
Total Nacional;10 Comunitat Valenciana;46 Valencia/València;;Mediana consumo anual;2.273
Total Nacional;10 Comunitat Valenciana;46 Valencia/València;;Viviendas con bajo consumo;49.426
Total Nacional;10 Comunitat Valenciana;46 Valencia/València;;Viviendas de uso esporádico;140.070
Total Nacional;10 Comunitat Valenciana;46 Valencia/València;;Viviendas de uso esporádico (entre 251 y 500 kwh);69.748
Total Nacional;10 Comunitat Valenciana;46 Valencia/València;;Viviendas de uso esporádico (entre 501 y 750 kwh);70.322
Total Nacional;10 Comunitat Valenciana;46 Valencia/València;;Viviendas con cosumo entre 751 y 1.000 kwh;73.121
Total Nacional;10 Comunitat Valenciana;46 Valencia/València;;Viviendas con cosumo entre 1.001 y 2.000 kwh;330.005
Total Nacional;10 Comunitat Valenciana;46 Valencia/València;;Viviendas con cosumo entre 2.001 y 3.000 kwh;301.850
Total Nacional;10 Comunitat Valenciana;46 Valencia/València;;Viviendas con cosumo entre 3.001 y 4.000 kwh;197.849
Total Nacional;10 Comunitat Valenciana;46 Valencia/València;;Viviendas con cosumo entre 4.001 y 5.000 kwh;106.687
Total Nacional;10 Comunitat Valenciana;46 Valencia/València;;Viviendas con cosumo entre 5.001 y 6.000 kwh;53.182
Total Nacional;10 Comunitat Valenciana;46 Valencia/València;;Viviendas con cosumo entre 6.001 y 7.000 kwh;26.590
Total Nacional;10 Comunitat Valenciana;46 Valencia/València;;Viviendas con cosumo entre 7.001 y 8.000 kwh;13.610
Total Nacional;10 Comunitat Valenciana;46 Valencia/València;;Viviendas con cosumo entre 8.001 y 9.000 kwh;7.548
Total Nacional;10 Comunitat Valenciana;46 Valencia/València;;Viviendas con cosumo entre 9.001 y 10.000 kwh;4.586
Total Nacional;10 Comunitat Valenciana;46 Valencia/València;;Viviendas con consumo mayor de 10.000 kwh;11.809
Total Nacional;11 Extremadura;06 Badajoz;;Viviendas totales;398.348
Total Nacional;11 Extremadura;06 Badajoz;;Viviendas vacías;62.089
Total Nacional;11 Extremadura;06 Badajoz;;Mediana consumo anual;2.401
Total Nacional;11 Extremadura;06 Badajoz;;Viviendas con bajo consumo;17.573
Total Nacional;11 Extremadura;06 Badajoz;;Viviendas de uso esporádico;37.985
Total Nacional;11 Extremadura;06 Badajoz;;Viviendas de uso esporádico (entre 251 y 500 kwh);20.088
Total Nacional;11 Extremadura;06 Badajoz;;Viviendas de uso esporádico (entre 501 y 750 kwh);17.897
Total Nacional;11 Extremadura;06 Badajoz;;Viviendas con cosumo entre 751 y 1.000 kwh;17.386
Total Nacional;11 Extremadura;06 Badajoz;;Viviendas con cosumo entre 1.001 y 2.000 kwh;73.481
Total Nacional;11 Extremadura;06 Badajoz;;Viviendas con cosumo entre 2.001 y 3.000 kwh;72.426
Total Nacional;11 Extremadura;06 Badajoz;;Viviendas con cosumo entre 3.001 y 4.000 kwh;51.565
Total Nacional;11 Extremadura;06 Badajoz;;Viviendas con cosumo entre 4.001 y 5.000 kwh;30.199
Total Nacional;11 Extremadura;06 Badajoz;;Viviendas con cosumo entre 5.001 y 6.000 kwh;15.627
Total Nacional;11 Extremadura;06 Badajoz;;Viviendas con cosumo entre 6.001 y 7.000 kwh;7.951
Total Nacional;11 Extremadura;06 Badajoz;;Viviendas con cosumo entre 7.001 y 8.000 kwh;4.186
Total Nacional;11 Extremadura;06 Badajoz;;Viviendas con cosumo entre 8.001 y 9.000 kwh;2.381
Total Nacional;11 Extremadura;06 Badajoz;;Viviendas con cosumo entre 9.001 y 10.000 kwh;1.487
Total Nacional;11 Extremadura;06 Badajoz;;Viviendas con consumo mayor de 10.000 kwh;4.012
Total Nacional;11 Extremadura;10 Cáceres;;Viviendas totales;300.157
Total Nacional;11 Extremadura;10 Cáceres;;Viviendas vacías;61.335
Total Nacional;11 Extremadura;10 Cáceres;;Mediana consumo anual;2.052
Total Nacional;11 Extremadura;10 Cáceres;;Viviendas con bajo consumo;20.458
Total Nacional;11 Extremadura;10 Cáceres;;Viviendas de uso esporádico;36.159
Total Nacional;11 Extremadura;10 Cáceres;;Viviendas de uso esporádico (entre 251 y 500 kwh);20.097
Total Nacional;11 Extremadura;10 Cáceres;;Viviendas de uso esporádico (entre 501 y 750 kwh);16.062
Total Nacional;11 Extremadura;10 Cáceres;;Viviendas con cosumo entre 751 y 1.000 kwh;14.623
Total Nacional;11 Extremadura;10 Cáceres;;Viviendas con cosumo entre 1.001 y 2.000 kwh;55.671
Total Nacional;11 Extremadura;10 Cáceres;;Viviendas con cosumo entre 2.001 y 3.000 kwh;46.872
Total Nacional;11 Extremadura;10 Cáceres;;Viviendas con cosumo entre 3.001 y 4.000 kwh;29.205
Total Nacional;11 Extremadura;10 Cáceres;;Viviendas con cosumo entre 4.001 y 5.000 kwh;15.277
Total Nacional;11 Extremadura;10 Cáceres;;Viviendas con cosumo entre 5.001 y 6.000 kwh;7.750
Total Nacional;11 Extremadura;10 Cáceres;;Viviendas con cosumo entre 6.001 y 7.000 kwh;4.266
Total Nacional;11 Extremadura;10 Cáceres;;Viviendas con cosumo entre 7.001 y 8.000 kwh;2.579
Total Nacional;11 Extremadura;10 Cáceres;;Viviendas con cosumo entre 8.001 y 9.000 kwh;1.582
Total Nacional;11 Extremadura;10 Cáceres;;Viviendas con cosumo entre 9.001 y 10.000 kwh;1.092
Total Nacional;11 Extremadura;10 Cáceres;;Viviendas con consumo mayor de 10.000 kwh;3.288
Total Nacional;12 Galicia;15 Coruña, A;;Viviendas totales;686.961
Total Nacional;12 Galicia;15 Coruña, A;;Viviendas vacías;163.164
Total Nacional;12 Galicia;15 Coruña, A;;Mediana consumo anual;2.580
Total Nacional;12 Galicia;15 Coruña, A;;Viviendas con bajo consumo;19.077
Total Nacional;12 Galicia;15 Coruña, A;;Viviendas de uso esporádico;54.327
Total Nacional;12 Galicia;15 Coruña, A;;Viviendas de uso esporádico (entre 251 y 500 kwh);27.891
Total Nacional;12 Galicia;15 Coruña, A;;Viviendas de uso esporádico (entre 501 y 750 kwh);26.436
Total Nacional;12 Galicia;15 Coruña, A;;Viviendas con cosumo entre 751 y 1.000 kwh;27.262
Total Nacional;12 Galicia;15 Coruña, A;;Viviendas con cosumo entre 1.001 y 2.000 kwh;112.190
Total Nacional;12 Galicia;15 Coruña, A;;Viviendas con cosumo entre 2.001 y 3.000 kwh;95.147
Total Nacional;12 Galicia;15 Coruña, A;;Viviendas con cosumo entre 3.001 y 4.000 kwh;64.632
Total Nacional;12 Galicia;15 Coruña, A;;Viviendas con cosumo entre 4.001 y 5.000 kwh;41.828
Total Nacional;12 Galicia;15 Coruña, A;;Viviendas con cosumo entre 5.001 y 6.000 kwh;27.682
Total Nacional;12 Galicia;15 Coruña, A;;Viviendas con cosumo entre 6.001 y 7.000 kwh;18.786
Total Nacional;12 Galicia;15 Coruña, A;;Viviendas con cosumo entre 7.001 y 8.000 kwh;13.684
Total Nacional;12 Galicia;15 Coruña, A;;Viviendas con cosumo entre 8.001 y 9.000 kwh;10.217
Total Nacional;12 Galicia;15 Coruña, A;;Viviendas con cosumo entre 9.001 y 10.000 kwh;7.922
Total Nacional;12 Galicia;15 Coruña, A;;Viviendas con consumo mayor de 10.000 kwh;31.043
Total Nacional;12 Galicia;27 Lugo;;Viviendas totales;269.067
Total Nacional;12 Galicia;27 Lugo;;Viviendas vacías;100.441
Total Nacional;12 Galicia;27 Lugo;;Mediana consumo anual;1.992
Total Nacional;12 Galicia;27 Lugo;;Viviendas con bajo consumo;10.841
Total Nacional;12 Galicia;27 Lugo;;Viviendas de uso esporádico;25.558
Total Nacional;12 Galicia;27 Lugo;;Viviendas de uso esporádico (entre 251 y 500 kwh);13.452
Total Nacional;12 Galicia;27 Lugo;;Viviendas de uso esporádico (entre 501 y 750 kwh);12.106
Total Nacional;12 Galicia;27 Lugo;;Viviendas con cosumo entre 751 y 1.000 kwh;11.600
Total Nacional;12 Galicia;27 Lugo;;Viviendas con cosumo entre 1.001 y 2.000 kwh;42.069
Total Nacional;12 Galicia;27 Lugo;;Viviendas con cosumo entre 2.001 y 3.000 kwh;29.853
Total Nacional;12 Galicia;27 Lugo;;Viviendas con cosumo entre 3.001 y 4.000 kwh;17.220
Total Nacional;12 Galicia;27 Lugo;;Viviendas con cosumo entre 4.001 y 5.000 kwh;9.873
Total Nacional;12 Galicia;27 Lugo;;Viviendas con cosumo entre 5.001 y 6.000 kwh;5.896
Total Nacional;12 Galicia;27 Lugo;;Viviendas con cosumo entre 6.001 y 7.000 kwh;4.006
Total Nacional;12 Galicia;27 Lugo;;Viviendas con cosumo entre 7.001 y 8.000 kwh;2.567
Total Nacional;12 Galicia;27 Lugo;;Viviendas con cosumo entre 8.001 y 9.000 kwh;1.990
Total Nacional;12 Galicia;27 Lugo;;Viviendas con cosumo entre 9.001 y 10.000 kwh;1.484
Total Nacional;12 Galicia;27 Lugo;;Viviendas con consumo mayor de 10.000 kwh;5.669
Total Nacional;12 Galicia;32 Ourense;;Viviendas totales;272.883
Total Nacional;12 Galicia;32 Ourense;;Viviendas vacías;119.348
Total Nacional;12 Galicia;32 Ourense;;Mediana consumo anual;2.184
Total Nacional;12 Galicia;32 Ourense;;Viviendas con bajo consumo;9.911
Total Nacional;12 Galicia;32 Ourense;;Viviendas de uso esporádico;20.860
Total Nacional;12 Galicia;32 Ourense;;Viviendas de uso esporádico (entre 251 y 500 kwh);11.081
Total Nacional;12 Galicia;32 Ourense;;Viviendas de uso esporádico (entre 501 y 750 kwh);9.779
Total Nacional;12 Galicia;32 Ourense;;Viviendas con cosumo entre 751 y 1.000 kwh;9.557
Total Nacional;12 Galicia;32 Ourense;;Viviendas con cosumo entre 1.001 y 2.000 kwh;35.671
Total Nacional;12 Galicia;32 Ourense;;Viviendas con cosumo entre 2.001 y 3.000 kwh;27.221
Total Nacional;12 Galicia;32 Ourense;;Viviendas con cosumo entre 3.001 y 4.000 kwh;16.803
Total Nacional;12 Galicia;32 Ourense;;Viviendas con cosumo entre 4.001 y 5.000 kwh;9.833
Total Nacional;12 Galicia;32 Ourense;;Viviendas con cosumo entre 5.001 y 6.000 kwh;5.948
Total Nacional;12 Galicia;32 Ourense;;Viviendas con cosumo entre 6.001 y 7.000 kwh;4.030
Total Nacional;12 Galicia;32 Ourense;;Viviendas con cosumo entre 7.001 y 8.000 kwh;2.759
Total Nacional;12 Galicia;32 Ourense;;Viviendas con cosumo entre 8.001 y 9.000 kwh;2.081
Total Nacional;12 Galicia;32 Ourense;;Viviendas con cosumo entre 9.001 y 10.000 kwh;1.657
Total Nacional;12 Galicia;32 Ourense;;Viviendas con consumo mayor de 10.000 kwh;7.204
Total Nacional;12 Galicia;36 Pontevedra;;Viviendas totales;528.828
Total Nacional;12 Galicia;36 Pontevedra;;Viviendas vacías;123.417
Total Nacional;12 Galicia;36 Pontevedra;;Mediana consumo anual;2.532
Total Nacional;12 Galicia;36 Pontevedra;;Viviendas con bajo consumo;14.782
Total Nacional;12 Galicia;36 Pontevedra;;Viviendas de uso esporádico;41.418
Total Nacional;12 Galicia;36 Pontevedra;;Viviendas de uso esporádico (entre 251 y 500 kwh);21.493
Total Nacional;12 Galicia;36 Pontevedra;;Viviendas de uso esporádico (entre 501 y 750 kwh);19.925
Total Nacional;12 Galicia;36 Pontevedra;;Viviendas con cosumo entre 751 y 1.000 kwh;21.036
Total Nacional;12 Galicia;36 Pontevedra;;Viviendas con cosumo entre 1.001 y 2.000 kwh;88.600
Total Nacional;12 Galicia;36 Pontevedra;;Viviendas con cosumo entre 2.001 y 3.000 kwh;77.811
Total Nacional;12 Galicia;36 Pontevedra;;Viviendas con cosumo entre 3.001 y 4.000 kwh;52.503
Total Nacional;12 Galicia;36 Pontevedra;;Viviendas con cosumo entre 4.001 y 5.000 kwh;33.541
Total Nacional;12 Galicia;36 Pontevedra;;Viviendas con cosumo entre 5.001 y 6.000 kwh;21.458
Total Nacional;12 Galicia;36 Pontevedra;;Viviendas con cosumo entre 6.001 y 7.000 kwh;14.031
Total Nacional;12 Galicia;36 Pontevedra;;Viviendas con cosumo entre 7.001 y 8.000 kwh;9.756
Total Nacional;12 Galicia;36 Pontevedra;;Viviendas con cosumo entre 8.001 y 9.000 kwh;6.983
Total Nacional;12 Galicia;36 Pontevedra;;Viviendas con cosumo entre 9.001 y 10.000 kwh;5.109
Total Nacional;12 Galicia;36 Pontevedra;;Viviendas con consumo mayor de 10.000 kwh;18.383
Total Nacional;13 Madrid, Comunidad de;28 Madrid;;Viviendas totales;2.956.941
Total Nacional;13 Madrid, Comunidad de;28 Madrid;;Viviendas vacías;187.858
Total Nacional;13 Madrid, Comunidad de;28 Madrid;;Mediana consumo anual;2.281
Total Nacional;13 Madrid, Comunidad de;28 Madrid;;Viviendas con bajo consumo;53.976
Total Nacional;13 Madrid, Comunidad de;28 Madrid;;Viviendas de uso esporádico;186.609
Total Nacional;13 Madrid, Comunidad de;28 Madrid;;Viviendas de uso esporádico (entre 251 y 500 kwh);84.014
Total Nacional;13 Madrid, Comunidad de;28 Madrid;;Viviendas de uso esporádico (entre 501 y 750 kwh);102.595
Total Nacional;13 Madrid, Comunidad de;28 Madrid;;Viviendas con cosumo entre 751 y 1.000 kwh;139.852
Total Nacional;13 Madrid, Comunidad de;28 Madrid;;Viviendas con cosumo entre 1.001 y 2.000 kwh;803.063
Total Nacional;13 Madrid, Comunidad de;28 Madrid;;Viviendas con cosumo entre 2.001 y 3.000 kwh;700.583
Total Nacional;13 Madrid, Comunidad de;28 Madrid;;Viviendas con cosumo entre 3.001 y 4.000 kwh;385.603
Total Nacional;13 Madrid, Comunidad de;28 Madrid;;Viviendas con cosumo entre 4.001 y 5.000 kwh;193.779
Total Nacional;13 Madrid, Comunidad de;28 Madrid;;Viviendas con cosumo entre 5.001 y 6.000 kwh;104.596
Total Nacional;13 Madrid, Comunidad de;28 Madrid;;Viviendas con cosumo entre 6.001 y 7.000 kwh;61.127
Total Nacional;13 Madrid, Comunidad de;28 Madrid;;Viviendas con cosumo entre 7.001 y 8.000 kwh;38.846
Total Nacional;13 Madrid, Comunidad de;28 Madrid;;Viviendas con cosumo entre 8.001 y 9.000 kwh;26.095
Total Nacional;13 Madrid, Comunidad de;28 Madrid;;Viviendas con cosumo entre 9.001 y 10.000 kwh;17.923
Total Nacional;13 Madrid, Comunidad de;28 Madrid;;Viviendas con consumo mayor de 10.000 kwh;57.031
Total Nacional;14 Murcia, Región de;30 Murcia;;Viviendas totales;844.100
Total Nacional;14 Murcia, Región de;30 Murcia;;Viviendas vacías;103.163
Total Nacional;14 Murcia, Región de;30 Murcia;;Mediana consumo anual;2.487
Total Nacional;14 Murcia, Región de;30 Murcia;;Viviendas con bajo consumo;30.030
Total Nacional;14 Murcia, Región de;30 Murcia;;Viviendas de uso esporádico;85.245
Total Nacional;14 Murcia, Región de;30 Murcia;;Viviendas de uso esporádico (entre 251 y 500 kwh);43.636
Total Nacional;14 Murcia, Región de;30 Murcia;;Viviendas de uso esporádico (entre 501 y 750 kwh);41.609
Total Nacional;14 Murcia, Región de;30 Murcia;;Viviendas con cosumo entre 751 y 1.000 kwh;40.119
Total Nacional;14 Murcia, Región de;30 Murcia;;Viviendas con cosumo entre 1.001 y 2.000 kwh;156.152
Total Nacional;14 Murcia, Región de;30 Murcia;;Viviendas con cosumo entre 2.001 y 3.000 kwh;145.255
Total Nacional;14 Murcia, Región de;30 Murcia;;Viviendas con cosumo entre 3.001 y 4.000 kwh;110.133
Total Nacional;14 Murcia, Región de;30 Murcia;;Viviendas con cosumo entre 4.001 y 5.000 kwh;71.912
Total Nacional;14 Murcia, Región de;30 Murcia;;Viviendas con cosumo entre 5.001 y 6.000 kwh;42.758
Total Nacional;14 Murcia, Región de;30 Murcia;;Viviendas con cosumo entre 6.001 y 7.000 kwh;23.722
Total Nacional;14 Murcia, Región de;30 Murcia;;Viviendas con cosumo entre 7.001 y 8.000 kwh;13.251
Total Nacional;14 Murcia, Región de;30 Murcia;;Viviendas con cosumo entre 8.001 y 9.000 kwh;7.352
Total Nacional;14 Murcia, Región de;30 Murcia;;Viviendas con cosumo entre 9.001 y 10.000 kwh;4.375
Total Nacional;14 Murcia, Región de;30 Murcia;;Viviendas con consumo mayor de 10.000 kwh;10.633
Total Nacional;15 Navarra, Comunidad Foral de;31 Navarra;;Viviendas totales;331.104
Total Nacional;15 Navarra, Comunidad Foral de;31 Navarra;;Viviendas vacías;32.992
Total Nacional;15 Navarra, Comunidad Foral de;31 Navarra;;Mediana consumo anual;1.952
Total Nacional;15 Navarra, Comunidad Foral de;31 Navarra;;Viviendas con bajo consumo;12.218
Total Nacional;15 Navarra, Comunidad Foral de;31 Navarra;;Viviendas de uso esporádico;32.351
Total Nacional;15 Navarra, Comunidad Foral de;31 Navarra;;Viviendas de uso esporádico (entre 251 y 500 kwh);15.628
Total Nacional;15 Navarra, Comunidad Foral de;31 Navarra;;Viviendas de uso esporádico (entre 501 y 750 kwh);16.723
Total Nacional;15 Navarra, Comunidad Foral de;31 Navarra;;Viviendas con cosumo entre 751 y 1.000 kwh;19.818
Total Nacional;15 Navarra, Comunidad Foral de;31 Navarra;;Viviendas con cosumo entre 1.001 y 2.000 kwh;95.058
Total Nacional;15 Navarra, Comunidad Foral de;31 Navarra;;Viviendas con cosumo entre 2.001 y 3.000 kwh;73.476
Total Nacional;15 Navarra, Comunidad Foral de;31 Navarra;;Viviendas con cosumo entre 3.001 y 4.000 kwh;35.754
Total Nacional;15 Navarra, Comunidad Foral de;31 Navarra;;Viviendas con cosumo entre 4.001 y 5.000 kwh;14.410
Total Nacional;15 Navarra, Comunidad Foral de;31 Navarra;;Viviendas con cosumo entre 5.001 y 6.000 kwh;6.112
Total Nacional;15 Navarra, Comunidad Foral de;31 Navarra;;Viviendas con cosumo entre 6.001 y 7.000 kwh;3.060
Total Nacional;15 Navarra, Comunidad Foral de;31 Navarra;;Viviendas con cosumo entre 7.001 y 8.000 kwh;1.710
Total Nacional;15 Navarra, Comunidad Foral de;31 Navarra;;Viviendas con cosumo entre 8.001 y 9.000 kwh;1.088
Total Nacional;15 Navarra, Comunidad Foral de;31 Navarra;;Viviendas con cosumo entre 9.001 y 10.000 kwh;735
Total Nacional;15 Navarra, Comunidad Foral de;31 Navarra;;Viviendas con consumo mayor de 10.000 kwh;2.322
Total Nacional;16 País Vasco;01 Araba/Álava;;Viviendas totales;168.086
Total Nacional;16 País Vasco;01 Araba/Álava;;Viviendas vacías;11.072
Total Nacional;16 País Vasco;01 Araba/Álava;;Mediana consumo anual;1.693
Total Nacional;16 País Vasco;01 Araba/Álava;;Viviendas con bajo consumo;6.012
Total Nacional;16 País Vasco;01 Araba/Álava;;Viviendas de uso esporádico;17.848
Total Nacional;16 País Vasco;01 Araba/Álava;;Viviendas de uso esporádico (entre 251 y 500 kwh);7.911
Total Nacional;16 País Vasco;01 Araba/Álava;;Viviendas de uso esporádico (entre 501 y 750 kwh);9.937
Total Nacional;16 País Vasco;01 Araba/Álava;;Viviendas con cosumo entre 751 y 1.000 kwh;13.516
Total Nacional;16 País Vasco;01 Araba/Álava;;Viviendas con cosumo entre 1.001 y 2.000 kwh;61.499
Total Nacional;16 País Vasco;01 Araba/Álava;;Viviendas con cosumo entre 2.001 y 3.000 kwh;36.032
Total Nacional;16 País Vasco;01 Araba/Álava;;Viviendas con cosumo entre 3.001 y 4.000 kwh;12.518
Total Nacional;16 País Vasco;01 Araba/Álava;;Viviendas con cosumo entre 4.001 y 5.000 kwh;4.400
Total Nacional;16 País Vasco;01 Araba/Álava;;Viviendas con cosumo entre 5.001 y 6.000 kwh;1.907
Total Nacional;16 País Vasco;01 Araba/Álava;;Viviendas con cosumo entre 6.001 y 7.000 kwh;923
Total Nacional;16 País Vasco;01 Araba/Álava;;Viviendas con cosumo entre 7.001 y 8.000 kwh;604
Total Nacional;16 País Vasco;01 Araba/Álava;;Viviendas con cosumo entre 8.001 y 9.000 kwh;397
Total Nacional;16 País Vasco;01 Araba/Álava;;Viviendas con cosumo entre 9.001 y 10.000 kwh;283
Total Nacional;16 País Vasco;01 Araba/Álava;;Viviendas con consumo mayor de 10.000 kwh;1.075
Total Nacional;16 País Vasco;20 Gipuzkoa;;Viviendas totales;350.286
Total Nacional;16 País Vasco;20 Gipuzkoa;;Viviendas vacías;24.762
Total Nacional;16 País Vasco;20 Gipuzkoa;;Mediana consumo anual;1.972
Total Nacional;16 País Vasco;20 Gipuzkoa;;Viviendas con bajo consumo;10.758
Total Nacional;16 País Vasco;20 Gipuzkoa;;Viviendas de uso esporádico;31.313
Total Nacional;16 País Vasco;20 Gipuzkoa;;Viviendas de uso esporádico (entre 251 y 500 kwh);14.530
Total Nacional;16 País Vasco;20 Gipuzkoa;;Viviendas de uso esporádico (entre 501 y 750 kwh);16.783
Total Nacional;16 País Vasco;20 Gipuzkoa;;Viviendas con cosumo entre 751 y 1.000 kwh;20.948
Total Nacional;16 País Vasco;20 Gipuzkoa;;Viviendas con cosumo entre 1.001 y 2.000 kwh;108.302
Total Nacional;16 País Vasco;20 Gipuzkoa;;Viviendas con cosumo entre 2.001 y 3.000 kwh;80.935
Total Nacional;16 País Vasco;20 Gipuzkoa;;Viviendas con cosumo entre 3.001 y 4.000 kwh;35.919
Total Nacional;16 País Vasco;20 Gipuzkoa;;Viviendas con cosumo entre 4.001 y 5.000 kwh;15.784
Total Nacional;16 País Vasco;20 Gipuzkoa;;Viviendas con cosumo entre 5.001 y 6.000 kwh;8.077
Total Nacional;16 País Vasco;20 Gipuzkoa;;Viviendas con cosumo entre 6.001 y 7.000 kwh;4.720
Total Nacional;16 País Vasco;20 Gipuzkoa;;Viviendas con cosumo entre 7.001 y 8.000 kwh;2.842
Total Nacional;16 País Vasco;20 Gipuzkoa;;Viviendas con cosumo entre 8.001 y 9.000 kwh;1.718
Total Nacional;16 País Vasco;20 Gipuzkoa;;Viviendas con cosumo entre 9.001 y 10.000 kwh;1.059
Total Nacional;16 País Vasco;20 Gipuzkoa;;Viviendas con consumo mayor de 10.000 kwh;3.149
Total Nacional;16 País Vasco;48 Bizkaia;;Viviendas totales;556.704
Total Nacional;16 País Vasco;48 Bizkaia;;Viviendas vacías;34.118
Total Nacional;16 País Vasco;48 Bizkaia;;Mediana consumo anual;1.809
Total Nacional;16 País Vasco;48 Bizkaia;;Viviendas con bajo consumo;13.388
Total Nacional;16 País Vasco;48 Bizkaia;;Viviendas de uso esporádico;55.286
Total Nacional;16 País Vasco;48 Bizkaia;;Viviendas de uso esporádico (entre 251 y 500 kwh);24.893
Total Nacional;16 País Vasco;48 Bizkaia;;Viviendas de uso esporádico (entre 501 y 750 kwh);30.393
Total Nacional;16 País Vasco;48 Bizkaia;;Viviendas con cosumo entre 751 y 1.000 kwh;38.339
Total Nacional;16 País Vasco;48 Bizkaia;;Viviendas con cosumo entre 1.001 y 2.000 kwh;197.699
Total Nacional;16 País Vasco;48 Bizkaia;;Viviendas con cosumo entre 2.001 y 3.000 kwh;134.542
Total Nacional;16 País Vasco;48 Bizkaia;;Viviendas con cosumo entre 3.001 y 4.000 kwh;51.002
Total Nacional;16 País Vasco;48 Bizkaia;;Viviendas con cosumo entre 4.001 y 5.000 kwh;14.503
Total Nacional;16 País Vasco;48 Bizkaia;;Viviendas con cosumo entre 5.001 y 6.000 kwh;6.722
Total Nacional;16 País Vasco;48 Bizkaia;;Viviendas con cosumo entre 6.001 y 7.000 kwh;3.467
Total Nacional;16 País Vasco;48 Bizkaia;;Viviendas con cosumo entre 7.001 y 8.000 kwh;1.978
Total Nacional;16 País Vasco;48 Bizkaia;;Viviendas con cosumo entre 8.001 y 9.000 kwh;1.300
Total Nacional;16 País Vasco;48 Bizkaia;;Viviendas con cosumo entre 9.001 y 10.000 kwh;934
Total Nacional;16 País Vasco;48 Bizkaia;;Viviendas con consumo mayor de 10.000 kwh;3.426
Total Nacional;17 Rioja, La;26 Rioja, La;;Viviendas totales;211.333
Total Nacional;17 Rioja, La;26 Rioja, La;;Viviendas vacías;25.934
Total Nacional;17 Rioja, La;26 Rioja, La;;Mediana consumo anual;1.656
Total Nacional;17 Rioja, La;26 Rioja, La;;Viviendas con bajo consumo;13.707
Total Nacional;17 Rioja, La;26 Rioja, La;;Viviendas de uso esporádico;31.764
Total Nacional;17 Rioja, La;26 Rioja, La;;Viviendas de uso esporádico (entre 251 y 500 kwh);16.758
Total Nacional;17 Rioja, La;26 Rioja, La;;Viviendas de uso esporádico (entre 501 y 750 kwh);15.006
Total Nacional;17 Rioja, La;26 Rioja, La;;Viviendas con cosumo entre 751 y 1.000 kwh;14.412
Total Nacional;17 Rioja, La;26 Rioja, La;;Viviendas con cosumo entre 1.001 y 2.000 kwh;58.824
Total Nacional;17 Rioja, La;26 Rioja, La;;Viviendas con cosumo entre 2.001 y 3.000 kwh;38.946
Total Nacional;17 Rioja, La;26 Rioja, La;;Viviendas con cosumo entre 3.001 y 4.000 kwh;15.479
Total Nacional;17 Rioja, La;26 Rioja, La;;Viviendas con cosumo entre 4.001 y 5.000 kwh;5.566
Total Nacional;17 Rioja, La;26 Rioja, La;;Viviendas con cosumo entre 5.001 y 6.000 kwh;2.421
Total Nacional;17 Rioja, La;26 Rioja, La;;Viviendas con cosumo entre 6.001 y 7.000 kwh;1.237
Total Nacional;17 Rioja, La;26 Rioja, La;;Viviendas con cosumo entre 7.001 y 8.000 kwh;737
Total Nacional;17 Rioja, La;26 Rioja, La;;Viviendas con cosumo entre 8.001 y 9.000 kwh;525
Total Nacional;17 Rioja, La;26 Rioja, La;;Viviendas con cosumo entre 9.001 y 10.000 kwh;385
Total Nacional;17 Rioja, La;26 Rioja, La;;Viviendas con consumo mayor de 10.000 kwh;1.396
Total Nacional;18 Ceuta;51 Ceuta;;Viviendas totales;28.315
Total Nacional;18 Ceuta;51 Ceuta;;Viviendas vacías;4.089
Total Nacional;18 Ceuta;51 Ceuta;;Mediana consumo anual;2.150
Total Nacional;18 Ceuta;51 Ceuta;;Viviendas con bajo consumo;431
Total Nacional;18 Ceuta;51 Ceuta;;Viviendas de uso esporádico;1.778
Total Nacional;18 Ceuta;51 Ceuta;;Viviendas de uso esporádico (entre 251 y 500 kwh);720
Total Nacional;18 Ceuta;51 Ceuta;;Viviendas de uso esporádico (entre 501 y 750 kwh);1.058
Total Nacional;18 Ceuta;51 Ceuta;;Viviendas con cosumo entre 751 y 1.000 kwh;1.331
Total Nacional;18 Ceuta;51 Ceuta;;Viviendas con cosumo entre 1.001 y 2.000 kwh;7.670
Total Nacional;18 Ceuta;51 Ceuta;;Viviendas con cosumo entre 2.001 y 3.000 kwh;6.571
Total Nacional;18 Ceuta;51 Ceuta;;Viviendas con cosumo entre 3.001 y 4.000 kwh;3.436
Total Nacional;18 Ceuta;51 Ceuta;;Viviendas con cosumo entre 4.001 y 5.000 kwh;1.460
Total Nacional;18 Ceuta;51 Ceuta;;Viviendas con cosumo entre 5.001 y 6.000 kwh;665
Total Nacional;18 Ceuta;51 Ceuta;;Viviendas con cosumo entre 6.001 y 7.000 kwh;323
Total Nacional;18 Ceuta;51 Ceuta;;Viviendas con cosumo entre 7.001 y 8.000 kwh;176
Total Nacional;18 Ceuta;51 Ceuta;;Viviendas con cosumo entre 8.001 y 9.000 kwh;110
Total Nacional;18 Ceuta;51 Ceuta;;Viviendas con cosumo entre 9.001 y 10.000 kwh;65
Total Nacional;18 Ceuta;51 Ceuta;;Viviendas con consumo mayor de 10.000 kwh;210
Total Nacional;19 Melilla;52 Melilla;;Viviendas totales;29.347
Total Nacional;19 Melilla;52 Melilla;;Viviendas vacías;2.963
Total Nacional;19 Melilla;52 Melilla;;Mediana consumo anual;2.435
Total Nacional;19 Melilla;52 Melilla;;Viviendas con bajo consumo;658
Total Nacional;19 Melilla;52 Melilla;;Viviendas de uso esporádico;2.126
Total Nacional;19 Melilla;52 Melilla;;Viviendas de uso esporádico (entre 251 y 500 kwh);939
Total Nacional;19 Melilla;52 Melilla;;Viviendas de uso esporádico (entre 501 y 750 kwh);1.187
Total Nacional;19 Melilla;52 Melilla;;Viviendas con cosumo entre 751 y 1.000 kwh;1.310
Total Nacional;19 Melilla;52 Melilla;;Viviendas con cosumo entre 1.001 y 2.000 kwh;6.562
Total Nacional;19 Melilla;52 Melilla;;Viviendas con cosumo entre 2.001 y 3.000 kwh;5.974
Total Nacional;19 Melilla;52 Melilla;;Viviendas con cosumo entre 3.001 y 4.000 kwh;4.138
Total Nacional;19 Melilla;52 Melilla;;Viviendas con cosumo entre 4.001 y 5.000 kwh;2.388
Total Nacional;19 Melilla;52 Melilla;;Viviendas con cosumo entre 5.001 y 6.000 kwh;1.392
Total Nacional;19 Melilla;52 Melilla;;Viviendas con cosumo entre 6.001 y 7.000 kwh;751
Total Nacional;19 Melilla;52 Melilla;;Viviendas con cosumo entre 7.001 y 8.000 kwh;397
Total Nacional;19 Melilla;52 Melilla;;Viviendas con cosumo entre 8.001 y 9.000 kwh;213
Total Nacional;19 Melilla;52 Melilla;;Viviendas con cosumo entre 9.001 y 10.000 kwh;123
Total Nacional;19 Melilla;52 Melilla;;Viviendas con consumo mayor de 10.000 kwh;352
